date,act_symbol,expiration,strike,call_put,bid,ask,vol,delta,gamma,theta,vega,rho
2019-02-09,A,2019-02-15,65.00,Call,10.50,11.25,0.2705,1.0000,0.0000,-0.0046,0.0000,0.0124
2019-02-09,A,2019-02-15,65.00,Put,0.00,0.03,0.3133,-0.0002,0.0002,-0.0002,0.0001,0.0000
2019-02-09,A,2019-02-15,67.50,Call,8.15,8.50,0.2705,0.9991,0.0010,-0.0053,0.0003,0.0129
2019-02-09,A,2019-02-15,67.50,Put,0.00,0.03,0.3133,-0.0034,0.0031,-0.0024,0.0011,0.0000
2019-02-09,A,2019-02-15,70.00,Call,5.70,6.00,0.2705,0.9845,0.0137,-0.0127,0.0041,0.0132
2019-02-09,A,2019-02-15,70.00,Put,0.03,0.05,0.3133,-0.0308,0.0212,-0.0162,0.0073,-0.0005
2019-02-09,A,2019-02-15,72.50,Call,3.35,3.60,0.2626,0.8955,0.0658,-0.0402,0.0190,0.0123
2019-02-09,A,2019-02-15,72.50,Put,0.12,0.15,0.2600,-0.1021,0.0655,-0.0343,0.0189,-0.0014
2019-02-09,A,2019-02-15,75.00,Call,1.33,1.49,0.2241,0.6456,0.1583,-0.0659,0.0390,0.0091
2019-02-09,A,2019-02-15,75.00,Put,0.52,0.60,0.2201,-0.3530,0.1619,-0.0598,0.0390,-0.0047
2019-02-09,A,2019-02-15,77.50,Call,0.21,0.23,0.1861,0.2034,0.1449,-0.0405,0.0297,0.0029
2019-02-09,A,2019-02-15,77.50,Put,1.73,1.97,0.1721,-0.8214,0.1506,-0.0306,0.0281,-0.0081
2019-02-09,A,2019-02-15,80.00,Call,0.00,0.03,0.1861,0.0196,0.0244,-0.0067,0.0050,0.0003
2019-02-09,A,2019-02-15,80.00,Put,4.10,4.35,0.1721,-0.9998,0.0070,0.0000,0.0005,0.0000
2019-02-09,A,2019-02-15,82.50,Call,0.00,0.03,0.1861,0.0006,0.0010,-0.0003,0.0002,0.0000
2019-02-09,A,2019-02-15,82.50,Put,6.60,7.25,0.1721,-1.0000,0.0000,0.0000,0.0000,0.0000
2019-02-09,A,2019-02-15,85.00,Call,0.00,0.03,0.1861,0.0000,0.0000,0.0000,0.0000,0.0000
2019-02-09,A,2019-02-15,85.00,Put,9.10,9.75,0.1721,-1.0000,0.0000,0.0000,0.0000,0.0000
2019-02-09,A,2019-03-15,65.00,Call,11.05,11.35,0.3457,0.9349,0.0157,-0.0189,0.0298,0.0571
2019-02-09,A,2019-03-15,65.00,Put,0.20,0.24,0.3386,-0.0613,0.0153,-0.0135,0.0291,-0.0044
2019-02-09,A,2019-03-15,67.50,Call,8.75,9.00,0.3222,0.8921,0.0245,-0.0242,0.0435,0.0562
2019-02-09,A,2019-03-15,67.50,Put,0.38,0.43,0.3210,-0.1071,0.0246,-0.0194,0.0442,-0.0076
2019-02-09,A,2019-03-15,70.00,Call,6.55,6.80,0.3009,0.8233,0.0368,-0.0301,0.0608,0.0534
2019-02-09,A,2019-03-15,70.00,Put,0.68,0.75,0.3022,-0.1782,0.0370,-0.0256,0.0613,-0.0124
2019-02-09,A,2019-03-15,72.50,Call,4.65,4.85,0.2907,0.7147,0.0498,-0.0366,0.0797,0.0473
2019-02-09,A,2019-03-15,72.50,Put,1.15,1.28,0.2829,-0.2820,0.0514,-0.0308,0.0804,-0.0192
2019-02-09,A,2019-03-15,75.00,Call,2.99,3.15,0.2741,0.5779,0.0609,-0.0389,0.0918,0.0390
2019-02-09,A,2019-03-15,75.00,Put,2.03,2.12,0.2716,-0.4243,0.0622,-0.0337,0.0916,-0.0279
2019-02-09,A,2019-03-15,77.50,Call,1.74,1.86,0.2627,0.4200,0.0634,-0.0366,0.0917,0.0288
2019-02-09,A,2019-03-15,77.50,Put,3.20,3.40,0.2594,-0.5862,0.0654,-0.0313,0.0919,-0.0360
2019-02-09,A,2019-03-15,80.00,Call,0.85,0.91,0.2460,0.2617,0.0564,-0.0282,0.0763,0.0181
2019-02-09,A,2019-03-15,80.00,Put,4.85,5.05,0.2500,-0.7429,0.0575,-0.0240,0.0777,-0.0401
2019-02-09,A,2019-03-15,82.50,Call,0.36,0.42,0.2388,0.1409,0.0399,-0.0186,0.0524,0.0099
2019-02-09,A,2019-03-15,82.50,Put,6.85,7.10,0.2437,-0.8668,0.0421,-0.0146,0.0519,-0.0366
2019-02-09,A,2019-03-15,85.00,Call,0.14,0.18,0.2366,0.0675,0.0235,-0.0107,0.0306,0.0047
2019-02-09,A,2019-03-15,85.00,Put,9.15,9.50,0.2623,-0.9253,0.0283,-0.0097,0.0346,-0.0302
2019-02-09,AAL,2019-02-22,30.50,Call,5.45,5.60,0.3575,0.9922,0.0085,-0.0040,0.0015,0.0116
2019-02-09,AAL,2019-02-22,30.50,Put,0.00,0.05,0.4060,-0.0163,0.0142,-0.0041,0.0029,-0.0002
2019-02-09,AAL,2019-02-22,32.50,Call,3.55,3.65,0.3508,0.9380,0.0495,-0.0129,0.0086,0.0116
2019-02-09,AAL,2019-02-22,32.50,Put,0.09,0.12,0.3889,-0.0816,0.0551,-0.0146,0.0106,-0.0012
2019-02-09,AAL,2019-02-22,33.50,Call,2.67,2.75,0.3516,0.8631,0.0885,-0.0214,0.0154,0.0109
2019-02-09,AAL,2019-02-22,33.50,Put,0.18,0.22,0.3659,-0.1459,0.0887,-0.0207,0.0161,-0.0021
2019-02-09,AAL,2019-02-22,34.50,Call,1.87,1.94,0.3443,0.7516,0.1305,-0.0292,0.0223,0.0096
2019-02-09,AAL,2019-02-22,34.50,Put,0.35,0.39,0.3431,-0.2481,0.1315,-0.0268,0.0221,-0.0033
2019-02-09,AAL,2019-02-22,35.50,Call,1.17,1.24,0.3272,0.6047,0.1670,-0.0332,0.0271,0.0079
2019-02-09,AAL,2019-02-22,35.50,Put,0.64,0.70,0.3263,-0.3960,0.1688,-0.0309,0.0270,-0.0051
2019-02-09,AAL,2019-02-22,36.00,Call,0.88,0.95,0.3193,0.5187,0.1771,-0.0333,0.0281,0.0068
2019-02-09,AAL,2019-02-22,36.00,Put,0.85,0.92,0.3204,-0.4827,0.1782,-0.0312,0.0281,-0.0060
2019-02-09,AAL,2019-02-22,36.50,Call,0.65,0.69,0.3120,0.4289,0.1785,-0.0319,0.0277,0.0057
2019-02-09,AAL,2019-02-22,36.50,Put,1.12,1.18,0.3164,-0.5718,0.1779,-0.0301,0.0275,-0.0069
2019-02-09,AAL,2019-02-22,37.50,Call,0.31,0.35,0.3046,0.2616,0.1516,-0.0256,0.0229,0.0035
2019-02-09,AAL,2019-02-22,37.50,Put,1.79,1.84,0.3114,-0.7369,0.1517,-0.0241,0.0233,-0.0081
2019-02-09,AAL,2019-02-22,38.50,Call,0.13,0.16,0.3018,0.1378,0.1035,-0.0171,0.0155,0.0018
2019-02-09,AAL,2019-02-22,38.50,Put,2.60,2.69,0.3195,-0.8527,0.1065,-0.0170,0.0166,-0.0082
2019-02-09,AAL,2019-02-22,39.50,Call,0.05,0.09,0.3151,0.0725,0.0621,-0.0111,0.0097,0.0010
2019-02-09,AAL,2019-02-22,39.50,Put,3.50,3.65,0.3442,-0.9140,0.0697,-0.0121,0.0114,-0.0075
2019-02-09,AAL,2019-02-22,41.50,Call,0.00,0.04,0.3151,0.0120,0.0140,-0.0025,0.0022,0.0002
2019-02-09,AAL,2019-02-22,41.50,Put,5.45,5.60,0.3442,-0.9901,0.0215,-0.0017,0.0022,-0.0020
2019-02-09,AAL,2019-03-08,30.50,Call,5.25,6.00,0.3959,0.9435,0.0288,-0.0100,0.0113,0.0217
2019-02-09,AAL,2019-03-08,30.50,Put,0.05,0.33,0.4164,-0.0652,0.0306,-0.0093,0.0127,-0.0019
2019-02-09,AAL,2019-03-08,32.50,Call,3.75,4.10,0.4039,0.8384,0.0608,-0.0194,0.0244,0.0201
2019-02-09,AAL,2019-03-08,32.50,Put,0.24,0.33,0.3713,-0.1433,0.0614,-0.0147,0.0236,-0.0039
2019-02-09,AAL,2019-03-08,33.50,Call,2.97,3.15,0.3718,0.7792,0.0800,-0.0214,0.0296,0.0192
2019-02-09,AAL,2019-03-08,33.50,Put,0.44,0.52,0.3665,-0.2182,0.0812,-0.0188,0.0301,-0.0058
2019-02-09,AAL,2019-03-08,34.50,Call,2.24,2.45,0.3669,0.6876,0.0968,-0.0247,0.0353,0.0172
2019-02-09,AAL,2019-03-08,34.50,Put,0.69,0.90,0.3710,-0.3148,0.0967,-0.0228,0.0349,-0.0083
2019-02-09,AAL,2019-03-08,35.50,Call,1.59,1.79,0.3516,0.5841,0.1113,-0.0258,0.0389,0.0148
2019-02-09,AAL,2019-03-08,35.50,Put,1.04,1.28,0.3604,-0.4185,0.1097,-0.0242,0.0389,-0.0108
2019-02-09,AAL,2019-03-08,36.00,Call,1.32,1.52,0.3486,0.5273,0.1145,-0.0259,0.0397,0.0135
2019-02-09,AAL,2019-03-08,36.00,Put,1.26,1.46,0.3501,-0.4746,0.1154,-0.0238,0.0397,-0.0120
2019-02-09,AAL,2019-03-08,36.50,Call,1.06,1.17,0.3296,0.4665,0.1210,-0.0244,0.0396,0.0120
2019-02-09,AAL,2019-03-08,36.50,Put,1.52,1.59,0.3307,-0.5359,0.1221,-0.0222,0.0396,-0.0132
2019-02-09,AAL,2019-03-08,37.50,Call,0.67,0.86,0.3357,0.3551,0.1112,-0.0231,0.0371,0.0092
2019-02-09,AAL,2019-03-08,37.50,Put,2.13,2.35,0.3461,-0.6432,0.1100,-0.0216,0.0368,-0.0152
2019-02-09,AAL,2019-03-08,38.50,Call,0.40,0.60,0.3380,0.2579,0.0959,-0.0201,0.0322,0.0067
2019-02-09,AAL,2019-03-08,38.50,Put,2.85,3.05,0.3419,-0.7445,0.0971,-0.0181,0.0326,-0.0163
2019-02-09,AAL,2019-03-08,39.50,Call,0.21,0.50,0.3375,0.1774,0.0773,-0.0161,0.0259,0.0047
2019-02-09,AAL,2019-03-08,39.50,Put,3.60,3.90,0.3375,-0.8296,0.0792,-0.0137,0.0262,-0.0163
2019-02-09,AAL,2019-03-08,41.50,Call,0.05,0.12,0.3182,0.0609,0.0380,-0.0070,0.0120,0.0016
2019-02-09,AAL,2019-03-08,41.50,Put,5.30,5.90,0.3443,-0.9329,0.0443,-0.0066,0.0137,-0.0128
2019-02-09,AAL,2019-03-29,30.50,Call,5.75,6.05,0.3986,0.8912,0.0355,-0.0119,0.0246,0.0351
2019-02-09,AAL,2019-03-29,30.50,Put,0.26,0.66,0.3986,-0.1088,0.0357,-0.0098,0.0242,-0.0052
2019-02-09,AAL,2019-03-29,32.50,Call,4.10,4.35,0.3800,0.7966,0.0564,-0.0162,0.0373,0.0328
2019-02-09,AAL,2019-03-29,32.50,Put,0.50,0.98,0.4128,-0.2197,0.0547,-0.0159,0.0397,-0.0105
2019-02-09,AAL,2019-03-29,33.50,Call,3.35,3.55,0.3665,0.7355,0.0677,-0.0178,0.0431,0.0309
2019-02-09,AAL,2019-03-29,33.50,Put,0.71,1.01,0.3718,-0.2679,0.0677,-0.0159,0.0430,-0.0126
2019-02-09,AAL,2019-03-29,34.50,Call,2.70,2.91,0.3670,0.6591,0.0758,-0.0196,0.0484,0.0281
2019-02-09,AAL,2019-03-29,34.50,Put,1.10,1.36,0.3753,-0.3447,0.0752,-0.0178,0.0481,-0.0159
2019-02-09,AAL,2019-03-29,35.50,Call,2.07,2.32,0.3583,0.5788,0.0828,-0.0202,0.0516,0.0250
2019-02-09,AAL,2019-03-29,35.50,Put,1.52,1.59,0.3537,-0.4233,0.0850,-0.0177,0.0514,-0.0191
2019-02-09,AAL,2019-03-29,36.00,Call,1.80,2.10,0.3596,0.5368,0.0838,-0.0205,0.0524,0.0233
2019-02-09,AAL,2019-03-29,36.00,Put,1.71,1.96,0.3600,-0.4660,0.0850,-0.0182,0.0523,-0.0208
2019-02-09,AAL,2019-03-29,36.50,Call,1.51,1.85,0.3522,0.4939,0.0859,-0.0201,0.0526,0.0216
2019-02-09,AAL,2019-03-29,36.50,Put,1.95,2.26,0.3601,-0.5082,0.0853,-0.0182,0.0523,-0.0224
2019-02-09,AAL,2019-03-29,37.50,Call,1.12,1.40,0.3483,0.4095,0.0846,-0.0192,0.0512,0.0181
2019-02-09,AAL,2019-03-29,37.50,Put,2.54,2.76,0.3494,-0.5947,0.0859,-0.0169,0.0506,-0.0252
2019-02-09,AAL,2019-03-29,38.50,Call,0.79,1.05,0.3445,0.3295,0.0797,-0.0176,0.0477,0.0147
2019-02-09,AAL,2019-03-29,38.50,Put,3.20,3.40,0.3432,-0.6774,0.0817,-0.0151,0.0469,-0.0272
2019-02-09,AAL,2019-03-29,39.50,Call,0.51,0.70,0.3294,0.2483,0.0729,-0.0146,0.0417,0.0112
2019-02-09,AAL,2019-03-29,39.50,Put,3.85,4.15,0.3305,-0.7591,0.0749,-0.0123,0.0415,-0.0281
2019-02-09,AAL,2019-03-29,41.50,Call,0.21,0.41,0.3366,0.1438,0.0511,-0.0106,0.0299,0.0065
2019-02-09,AAL,2019-03-29,41.50,Put,5.55,5.95,0.3506,-0.8564,0.0537,-0.0091,0.0312,-0.0270
2019-02-09,AAP,2019-02-15,140.00,Call,22.10,23.30,0.4488,0.9924,0.0021,-0.0247,0.0047,0.0266
2019-02-09,AAP,2019-02-15,140.00,Put,0.05,0.15,0.4488,-0.0076,0.0021,-0.0150,0.0047,-0.0002
2019-02-09,AAP,2019-02-15,145.00,Call,17.10,17.80,0.4488,0.9689,0.0070,-0.0604,0.0158,0.0268
2019-02-09,AAP,2019-02-15,145.00,Put,0.10,0.15,0.4488,-0.0311,0.0070,-0.0503,0.0158,-0.0010
2019-02-09,AAP,2019-02-15,150.00,Call,12.20,13.00,0.3309,0.9616,0.0112,-0.0544,0.0188,0.0275
2019-02-09,AAP,2019-02-15,150.00,Put,0.15,0.25,0.3688,-0.0556,0.0135,-0.0659,0.0252,-0.0018
2019-02-09,AAP,2019-02-15,155.00,Call,7.80,8.20,0.3197,0.8618,0.0307,-0.1226,0.0496,0.0253
2019-02-09,AAP,2019-02-15,155.00,Put,0.50,0.65,0.3316,-0.1464,0.0309,-0.1211,0.0522,-0.0044
2019-02-09,AAP,2019-02-15,160.00,Call,3.90,4.20,0.2945,0.6551,0.0557,-0.1815,0.0828,0.0196
2019-02-09,AAP,2019-02-15,160.00,Put,1.45,1.70,0.2955,-0.3459,0.0558,-0.1721,0.0834,-0.0100
2019-02-09,AAP,2019-02-15,165.00,Call,1.25,1.60,0.2745,0.3503,0.0600,-0.1674,0.0833,0.0106
2019-02-09,AAP,2019-02-15,165.00,Put,3.80,4.10,0.2752,-0.6513,0.0605,-0.1579,0.0820,-0.0170
2019-02-09,AAP,2019-02-15,170.00,Call,0.20,0.35,0.2542,0.1026,0.0313,-0.0742,0.0402,0.0031
2019-02-09,AAP,2019-02-15,170.00,Put,7.60,8.10,0.2650,-0.8922,0.0326,-0.0721,0.0415,-0.0176
2019-02-09,AAP,2019-02-15,175.00,Call,0.00,0.15,0.2542,0.0183,0.0078,-0.0185,0.0101,0.0006
2019-02-09,AAP,2019-02-15,175.00,Put,12.10,13.00,0.2650,-0.9852,0.0096,-0.0122,0.0093,-0.0069
2019-02-09,AAP,2019-02-15,180.00,Call,0.00,0.10,0.2542,0.0019,0.0011,-0.0025,0.0014,0.0001
2019-02-09,AAP,2019-02-15,180.00,Put,17.30,18.10,0.2650,-1.0000,0.0000,0.0000,0.0000,0.0000
2019-02-09,AAP,2019-02-15,185.00,Call,0.00,0.10,0.2542,0.0001,0.0001,-0.0002,0.0001,0.0000
2019-02-09,AAP,2019-02-15,185.00,Put,22.30,23.10,0.2650,-1.0000,0.0000,0.0000,0.0000,0.0000
2019-02-09,AAP,2019-03-15,140.00,Call,24.50,25.10,0.5015,0.8532,0.0091,-0.0909,0.1155,0.1089
2019-02-09,AAP,2019-03-15,140.00,Put,1.95,2.30,0.5077,-0.1494,0.0092,-0.0834,0.1163,-0.0234
2019-02-09,AAP,2019-03-15,145.00,Call,20.40,21.10,0.4910,0.7991,0.0114,-0.1068,0.1411,0.1044
2019-02-09,AAP,2019-03-15,145.00,Put,2.80,3.10,0.4878,-0.1999,0.0115,-0.0962,0.1408,-0.0311
2019-02-09,AAP,2019-03-15,150.00,Call,16.60,17.10,0.4713,0.7372,0.0138,-0.1177,0.1639,0.0985
2019-02-09,AAP,2019-03-15,150.00,Put,4.00,4.20,0.4720,-0.2636,0.0139,-0.1082,0.1637,-0.0406
2019-02-09,AAP,2019-03-15,155.00,Call,13.10,13.60,0.4562,0.6623,0.0159,-0.1265,0.1837,0.0902
2019-02-09,AAP,2019-03-15,155.00,Put,5.50,5.70,0.4573,-0.3389,0.0160,-0.1169,0.1828,-0.0515
2019-02-09,AAP,2019-03-15,160.00,Call,10.10,10.50,0.4445,0.5774,0.0175,-0.1310,0.1967,0.0799
2019-02-09,AAP,2019-03-15,160.00,Put,7.50,7.70,0.4485,-0.4242,0.0175,-0.1222,0.1960,-0.0633
2019-02-09,AAP,2019-03-15,165.00,Call,7.50,8.00,0.4363,0.4874,0.0182,-0.1301,0.2004,0.0684
2019-02-09,AAP,2019-03-15,165.00,Put,9.80,10.30,0.4402,-0.5141,0.0182,-0.1211,0.1996,-0.0747
2019-02-09,AAP,2019-03-15,170.00,Call,5.40,5.90,0.4285,0.3976,0.0179,-0.1230,0.1938,0.0564
2019-02-09,AAP,2019-03-15,170.00,Put,12.80,13.20,0.4350,-0.6030,0.0179,-0.1145,0.1931,-0.0850
2019-02-09,AAP,2019-03-15,175.00,Call,3.70,4.10,0.4166,0.3101,0.0169,-0.1089,0.1773,0.0445
2019-02-09,AAP,2019-03-15,175.00,Put,16.00,16.60,0.4263,-0.6888,0.0168,-0.1016,0.1791,-0.0927
2019-02-09,AAP,2019-03-15,180.00,Call,2.50,2.95,0.4154,0.2368,0.0148,-0.0947,0.1551,0.0342
2019-02-09,AAP,2019-03-15,180.00,Put,19.60,20.40,0.4183,-0.7668,0.0150,-0.0848,0.1586,-0.0964
2019-02-09,AAP,2019-03-15,185.00,Call,1.60,2.00,0.4098,0.1725,0.0124,-0.0771,0.1284,0.0251
2019-02-09,AAP,2019-03-15,185.00,Put,23.90,24.50,0.4220,-0.8261,0.0127,-0.0705,0.1344,-0.0964
2019-02-09,AAPL,2019-02-22,145.00,Call,25.30,26.05,0.4236,0.9773,0.0038,-0.0371,0.0180,0.0540
2019-02-09,AAPL,2019-02-22,145.00,Put,0.06,0.08,0.3886,-0.0149,0.0029,-0.0172,0.0125,-0.0010
2019-02-09,AAPL,2019-02-22,152.50,Call,17.90,18.55,0.3267,0.9627,0.0075,-0.0419,0.0271,0.0559
2019-02-09,AAPL,2019-02-22,152.50,Put,0.12,0.16,0.3166,-0.0330,0.0070,-0.0274,0.0246,-0.0022
2019-02-09,AAPL,2019-02-22,157.50,Call,13.30,13.55,0.2950,0.9208,0.0150,-0.0619,0.0492,0.0550
2019-02-09,AAPL,2019-02-22,157.50,Put,0.26,0.29,0.2763,-0.0664,0.0140,-0.0417,0.0434,-0.0042
2019-02-09,AAPL,2019-02-22,162.50,Call,8.75,8.90,0.2582,0.8376,0.0285,-0.0850,0.0820,0.0513
2019-02-09,AAPL,2019-02-22,162.50,Put,0.64,0.67,0.2455,-0.1507,0.0287,-0.0670,0.0811,-0.0093
2019-02-09,AAPL,2019-02-22,167.50,Call,4.80,4.95,0.2350,0.6623,0.0466,-0.1099,0.1219,0.0414
2019-02-09,AAPL,2019-02-22,167.50,Put,1.68,1.73,0.2265,-0.3337,0.0485,-0.0950,0.1232,-0.0199
2019-02-09,AAPL,2019-02-22,170.00,Call,3.25,3.35,0.2261,0.5393,0.0526,-0.1132,0.1324,0.0340
2019-02-09,AAPL,2019-02-22,170.00,Put,2.60,2.69,0.2191,-0.4621,0.0549,-0.0992,0.1326,-0.0266
2019-02-09,AAPL,2019-02-22,175.00,Call,1.22,1.26,0.2178,0.2812,0.0464,-0.0909,0.1125,0.0179
2019-02-09,AAPL,2019-02-22,175.00,Put,5.50,5.70,0.2099,-0.7317,0.0484,-0.0757,0.1097,-0.0364
2019-02-09,AAPL,2019-02-22,177.50,Call,0.68,0.71,0.2172,0.1803,0.0362,-0.0701,0.0876,0.0115
2019-02-09,AAPL,2019-02-22,177.50,Put,7.45,7.65,0.2050,-0.8422,0.0374,-0.0520,0.0828,-0.0356
2019-02-09,AAPL,2019-02-22,182.50,Call,0.20,0.23,0.2261,0.0662,0.0171,-0.0354,0.0429,0.0042
2019-02-09,AAPL,2019-02-22,182.50,Put,11.95,12.50,0.2321,-0.9388,0.0185,-0.0275,0.0437,-0.0275
2019-02-09,AAPL,2019-02-22,187.50,Call,0.08,0.11,0.2529,0.0296,0.0080,-0.0207,0.0225,0.0019
2019-02-09,AAPL,2019-02-22,187.50,Put,16.95,17.45,0.2926,-0.9563,0.0115,-0.0265,0.0319,-0.0258
2019-02-09,AAPL,2019-02-22,195.00,Call,0.02,0.05,0.2818,0.0082,0.0024,-0.0077,0.0075,0.0005
2019-02-09,AAPL,2019-02-22,195.00,Put,24.35,24.95,0.3340,-0.9875,0.0051,-0.0093,0.0114,-0.0116
2019-02-09,AAPL,2019-03-08,145.00,Call,25.90,26.15,0.3602,0.9543,0.0056,-0.0387,0.0453,0.1047
2019-02-09,AAPL,2019-03-08,145.00,Put,0.18,0.22,0.3269,-0.0321,0.0047,-0.0194,0.0340,-0.0043
2019-02-09,AAPL,2019-03-08,152.50,Call,18.60,18.90,0.3010,0.9188,0.0106,-0.0478,0.0709,0.1057
2019-02-09,AAPL,2019-03-08,152.50,Put,0.40,0.45,0.2836,-0.0697,0.0100,-0.0311,0.0631,-0.0094
2019-02-09,AAPL,2019-03-08,157.50,Call,14.00,14.25,0.2734,0.8653,0.0168,-0.0593,0.1023,0.1022
2019-02-09,AAPL,2019-03-08,157.50,Put,0.75,0.81,0.2604,-0.1239,0.0167,-0.0436,0.1011,-0.0155
2019-02-09,AAPL,2019-03-08,162.50,Call,9.75,9.95,0.2514,0.7721,0.0255,-0.0725,0.1426,0.0933
2019-02-09,AAPL,2019-03-08,162.50,Put,1.50,1.57,0.2448,-0.2231,0.0260,-0.0593,0.1459,-0.0273
2019-02-09,AAPL,2019-03-08,167.50,Call,6.15,6.35,0.2384,0.6268,0.0336,-0.0831,0.1787,0.0771
2019-02-09,AAPL,2019-03-08,167.50,Put,2.88,2.96,0.2322,-0.3727,0.0349,-0.0702,0.1795,-0.0440
2019-02-09,AAPL,2019-03-08,170.00,Call,4.70,4.85,0.2340,0.5397,0.0360,-0.0844,0.1873,0.0669
2019-02-09,AAPL,2019-03-08,170.00,Put,3.85,4.00,0.2269,-0.4629,0.0376,-0.0712,0.1874,-0.0532
2019-02-09,AAPL,2019-03-08,175.00,Call,2.45,2.52,0.2245,0.3575,0.0352,-0.0747,0.1761,0.0448
2019-02-09,AAPL,2019-03-08,175.00,Put,6.60,6.70,0.2170,-0.6540,0.0371,-0.0612,0.1734,-0.0679
2019-02-09,AAPL,2019-03-08,177.50,Call,1.67,1.76,0.2222,0.2743,0.0318,-0.0656,0.1573,0.0345
2019-02-09,AAPL,2019-03-08,177.50,Put,8.25,8.50,0.2129,-0.7438,0.0336,-0.0511,0.1556,-0.0708
2019-02-09,AAPL,2019-03-08,182.50,Call,0.73,0.77,0.2203,0.1444,0.0219,-0.0439,0.1072,0.0183
2019-02-09,AAPL,2019-03-08,182.50,Put,12.30,12.60,0.2055,-0.8878,0.0227,-0.0267,0.0942,-0.0606
2019-02-09,AAPL,2019-03-08,187.50,Call,0.32,0.36,0.2275,0.0729,0.0129,-0.0274,0.0653,0.0093
2019-02-09,AAPL,2019-03-08,187.50,Put,17.00,17.25,0.2015,-0.9726,0.0123,-0.0071,0.0337,-0.0240
2019-02-09,AAPL,2019-03-08,195.00,Call,0.11,0.14,0.2476,0.0285,0.0056,-0.0139,0.0308,0.0036
2019-02-09,AAPL,2019-03-08,195.00,Put,24.35,24.65,0.2476,-0.9922,0.0060,-0.0028,0.0130,-0.0053
2019-02-09,AAPL,2019-03-29,145.00,Call,26.35,26.70,0.3136,0.9324,0.0067,-0.0356,0.0816,0.1775
2019-02-09,AAPL,2019-03-29,145.00,Put,0.43,0.47,0.2927,-0.0556,0.0061,-0.0202,0.0700,-0.0133
2019-02-09,AAPL,2019-03-29,152.50,Call,19.40,19.65,0.2791,0.8793,0.0115,-0.0450,0.1253,0.1748
2019-02-09,AAPL,2019-03-29,152.50,Put,0.93,0.98,0.2684,-0.1125,0.0115,-0.0314,0.1225,-0.0248
2019-02-09,AAPL,2019-03-29,157.50,Call,15.05,15.35,0.2644,0.8155,0.0162,-0.0538,0.1663,0.1660
2019-02-09,AAPL,2019-03-29,157.50,Put,1.56,1.63,0.2549,-0.1775,0.0165,-0.0403,0.1617,-0.0386
2019-02-09,AAPL,2019-03-29,162.50,Call,11.15,11.40,0.2525,0.7251,0.0212,-0.0617,0.2082,0.1506
2019-02-09,AAPL,2019-03-29,162.50,Put,2.61,2.70,0.2447,-0.2713,0.0219,-0.0487,0.2050,-0.0577
2019-02-09,AAPL,2019-03-29,167.50,Call,7.75,8.00,0.2422,0.6095,0.0254,-0.0661,0.2395,0.1287
2019-02-09,AAPL,2019-03-29,167.50,Put,4.20,4.35,0.2366,-0.3921,0.0264,-0.0538,0.2418,-0.0802
2019-02-09,AAPL,2019-03-29,170.00,Call,6.30,6.50,0.2371,0.5444,0.0268,-0.0661,0.2474,0.1158
2019-02-09,AAPL,2019-03-29,170.00,Put,5.20,5.40,0.2314,-0.4599,0.0280,-0.0537,0.2474,-0.0920
2019-02-09,AAPL,2019-03-29,175.00,Call,3.95,4.10,0.2303,0.4085,0.0270,-0.0617,0.2424,0.0879
2019-02-09,AAPL,2019-03-29,175.00,Put,7.80,8.00,0.2229,-0.6033,0.0286,-0.0487,0.2383,-0.1116
2019-02-09,AAPL,2019-03-29,177.50,Call,3.00,3.15,0.2263,0.3416,0.0260,-0.0569,0.2291,0.0739
2019-02-09,AAPL,2019-03-29,177.50,Put,9.40,9.60,0.2203,-0.6733,0.0275,-0.0442,0.2280,-0.1175
2019-02-09,AAPL,2019-03-29,182.50,Call,1.68,1.78,0.2226,0.2244,0.0216,-0.0451,0.1869,0.0490
2019-02-09,AAPL,2019-03-29,182.50,Put,13.05,13.30,0.2136,-0.8012,0.0231,-0.0311,0.1769,-0.1168
2019-02-09,AAPL,2019-03-29,187.50,Call,0.88,0.96,0.2211,0.1364,0.0158,-0.0324,0.1364,0.0299
2019-02-09,AAPL,2019-03-29,187.50,Put,17.30,17.60,0.2091,-0.8999,0.0170,-0.0174,0.1105,-0.0922
2019-02-09,AAPL,2019-03-29,195.00,Call,0.34,0.39,0.2265,0.0616,0.0086,-0.0183,0.0759,0.0136
2019-02-09,AAPL,2019-03-29,195.00,Put,24.40,24.70,0.2265,-0.9660,0.0101,-0.0070,0.0506,-0.0445
2019-02-09,ABBV,2019-02-22,70.00,Call,9.35,10.10,0.3255,0.9811,0.0091,-0.0131,0.0072,0.0262
2019-02-09,ABBV,2019-02-22,70.00,Put,0.03,0.07,0.3178,-0.0167,0.0084,-0.0073,0.0065,-0.0005
2019-02-09,ABBV,2019-02-22,71.50,Call,8.05,8.60,0.3255,0.9595,0.0171,-0.0206,0.0136,0.0261
2019-02-09,ABBV,2019-02-22,71.50,Put,0.06,0.09,0.3178,-0.0371,0.0163,-0.0141,0.0126,-0.0012
2019-02-09,ABBV,2019-02-22,74.00,Call,5.40,6.10,0.1625,0.9910,0.0096,-0.0073,0.0038,0.0281
2019-02-09,ABBV,2019-02-22,74.00,Put,0.14,0.17,0.2750,-0.0783,0.0341,-0.0220,0.0228,-0.0025
2019-02-09,ABBV,2019-02-22,76.50,Call,3.50,3.70,0.2343,0.8236,0.0709,-0.0382,0.0404,0.0238
2019-02-09,ABBV,2019-02-22,76.50,Put,0.36,0.40,0.2400,-0.1821,0.0710,-0.0345,0.0418,-0.0053
2019-02-09,ABBV,2019-02-22,78.00,Call,2.39,2.48,0.2260,0.6995,0.0987,-0.0476,0.0543,0.0204
2019-02-09,ABBV,2019-02-22,78.00,Put,0.66,0.72,0.2257,-0.3012,0.0996,-0.0424,0.0551,-0.0085
2019-02-09,ABBV,2019-02-22,79.50,Call,1.40,1.49,0.2121,0.5381,0.1201,-0.0498,0.0619,0.0159
2019-02-09,ABBV,2019-02-22,79.50,Put,1.18,1.25,0.2140,-0.4642,0.1203,-0.0452,0.0620,-0.0125
2019-02-09,ABBV,2019-02-22,81.50,Call,0.56,0.63,0.2043,0.3004,0.1092,-0.0412,0.0543,0.0089
2019-02-09,ABBV,2019-02-22,81.50,Put,2.31,2.42,0.2057,-0.7032,0.1106,-0.0366,0.0544,-0.0167
2019-02-09,ABBV,2019-02-22,83.00,Call,0.24,0.29,0.2027,0.1617,0.0775,-0.0286,0.0382,0.0048
2019-02-09,ABBV,2019-02-22,83.00,Put,3.45,3.65,0.2069,-0.8409,0.0797,-0.0247,0.0391,-0.0167
2019-02-09,ABBV,2019-02-22,85.00,Call,0.07,0.09,0.2057,0.0590,0.0366,-0.0138,0.0183,0.0018
2019-02-09,ABBV,2019-02-22,85.00,Put,5.25,5.55,0.2254,-0.9328,0.0432,-0.0135,0.0209,-0.0133
2019-02-09,ABBV,2019-02-22,87.50,Call,0.00,0.04,0.2146,0.0144,0.0109,-0.0044,0.0057,0.0004
2019-02-09,ABBV,2019-02-22,87.50,Put,7.60,8.35,0.2218,-0.9981,0.0089,0.0000,0.0018,0.0000
2019-02-09,ABBV,2019-02-22,91.50,Call,0.00,0.03,0.2146,0.0006,0.0006,-0.0002,0.0003,0.0000
2019-02-09,ABBV,2019-02-22,91.50,Put,11.60,12.10,0.2218,-1.0000,0.0000,0.0000,0.0000,0.0000
2019-02-09,ABBV,2019-03-08,70.00,Call,9.00,10.55,0.3152,0.9393,0.0173,-0.0195,0.0265,0.0497
2019-02-09,ABBV,2019-03-08,70.00,Put,0.15,0.33,0.3152,-0.0607,0.0173,-0.0146,0.0265,-0.0039
2019-02-09,ABBV,2019-03-08,71.50,Call,7.70,8.90,0.3152,0.9042,0.0245,-0.0256,0.0375,0.0486
2019-02-09,ABBV,2019-03-08,71.50,Put,0.21,0.46,0.3152,-0.0958,0.0245,-0.0206,0.0371,-0.0057
2019-02-09,ABBV,2019-03-08,74.00,Call,5.90,6.40,0.2429,0.8771,0.0380,-0.0239,0.0449,0.0489
2019-02-09,ABBV,2019-03-08,74.00,Put,0.39,0.54,0.2697,-0.1465,0.0388,-0.0237,0.0526,-0.0086
2019-02-09,ABBV,2019-03-08,76.50,Call,4.10,4.60,0.2696,0.7282,0.0558,-0.0390,0.0732,0.0412
2019-02-09,ABBV,2019-03-08,76.50,Put,0.80,1.14,0.2606,-0.2668,0.0576,-0.0325,0.0731,-0.0152
2019-02-09,ABBV,2019-03-08,78.00,Call,3.00,3.20,0.2370,0.6500,0.0708,-0.0380,0.0817,0.0373
2019-02-09,ABBV,2019-03-08,78.00,Put,1.26,1.45,0.2457,-0.3559,0.0695,-0.0344,0.0819,-0.0199
2019-02-09,ABBV,2019-03-08,80.00,Call,1.84,2.04,0.2299,0.4991,0.0786,-0.0388,0.0880,0.0290
2019-02-09,ABBV,2019-03-08,80.00,Put,2.07,2.34,0.2388,-0.5033,0.0769,-0.0352,0.0881,-0.0268
2019-02-09,ABBV,2019-03-08,81.50,Call,1.17,1.46,0.2297,0.3842,0.0754,-0.0366,0.0843,0.0225
2019-02-09,ABBV,2019-03-08,81.50,Put,2.90,3.20,0.2350,-0.6177,0.0753,-0.0325,0.0841,-0.0311
2019-02-09,ABBV,2019-03-08,83.00,Call,0.70,0.81,0.2164,0.2673,0.0689,-0.0295,0.0726,0.0158
2019-02-09,ABBV,2019-03-08,83.00,Put,3.85,4.30,0.2332,-0.7232,0.0675,-0.0276,0.0731,-0.0335
2019-02-09,ABBV,2019-03-08,85.00,Call,0.31,0.48,0.2203,0.1589,0.0498,-0.0219,0.0534,0.0094
2019-02-09,ABBV,2019-03-08,85.00,Put,5.20,6.15,0.2337,-0.8364,0.0517,-0.0195,0.0566,-0.0326
2019-02-09,ABBV,2019-03-08,87.50,Call,0.11,0.24,0.2206,0.0705,0.0277,-0.0121,0.0298,0.0042
2019-02-09,ABBV,2019-03-08,87.50,Put,7.50,8.95,0.3092,-0.8567,0.0355,-0.0242,0.0521,-0.0344
2019-02-09,ABBV,2019-03-08,91.50,Call,0.00,1.48,0.2244,0.0152,0.0077,-0.0035,0.0084,0.0009
2019-02-09,ABBV,2019-03-08,91.50,Put,9.85,14.00,0.3170,-0.9465,0.0194,-0.0108,0.0249,-0.0244
2019-02-09,ABBV,2019-03-29,72.00,Call,8.15,8.60,0.2533,0.8801,0.0271,-0.0195,0.0583,0.0828
2019-02-09,ABBV,2019-03-29,72.00,Put,0.57,0.69,0.2812,-0.1430,0.0277,-0.0182,0.0680,-0.0147
2019-02-09,ABBV,2019-03-29,74.00,Call,6.10,7.10,0.2360,0.8258,0.0373,-0.0223,0.0750,0.0794
2019-02-09,ABBV,2019-03-29,74.00,Put,0.86,1.20,0.2802,-0.2114,0.0357,-0.0231,0.0851,-0.0215
2019-02-09,ABBV,2019-03-29,76.50,Call,4.75,5.00,0.2487,0.7019,0.0478,-0.0293,0.1012,0.0684
2019-02-09,ABBV,2019-03-29,76.50,Put,1.44,1.86,0.2685,-0.3113,0.0456,-0.0267,0.1024,-0.0310
2019-02-09,ABBV,2019-03-29,78.00,Call,3.65,4.05,0.2411,0.6269,0.0538,-0.0305,0.1105,0.0618
2019-02-09,ABBV,2019-03-29,78.00,Put,1.92,2.13,0.2503,-0.3794,0.0528,-0.0265,0.1106,-0.0368
2019-02-09,ABBV,2019-03-29,79.50,Call,2.83,3.10,0.2358,0.5432,0.0577,-0.0307,0.1157,0.0541
2019-02-09,ABBV,2019-03-29,79.50,Put,2.40,2.78,0.2402,-0.4614,0.0577,-0.0261,0.1157,-0.0433
2019-02-09,ABBV,2019-03-29,81.50,Call,1.79,2.09,0.2248,0.4238,0.0597,-0.0285,0.1143,0.0427
2019-02-09,ABBV,2019-03-29,81.50,Put,3.55,3.85,0.2407,-0.5754,0.0573,-0.0253,0.1144,-0.0513
2019-02-09,ABBV,2019-03-29,83.00,Call,1.33,1.53,0.2261,0.3405,0.0556,-0.0265,0.1070,0.0345
2019-02-09,ABBV,2019-03-29,83.00,Put,4.45,4.80,0.2365,-0.6600,0.0552,-0.0228,0.1077,-0.0554
2019-02-09,ABBV,2019-03-29,85.00,Call,0.81,0.96,0.2236,0.2398,0.0476,-0.0220,0.0906,0.0244
2019-02-09,ABBV,2019-03-29,85.00,Put,5.85,6.40,0.2394,-0.7552,0.0479,-0.0192,0.0907,-0.0574
2019-02-09,ABBV,2019-03-29,86.00,Call,0.62,0.91,0.2327,0.2079,0.0422,-0.0210,0.0836,0.0212
2019-02-09,ABBV,2019-03-29,86.00,Put,6.65,7.20,0.2394,-0.7979,0.0438,-0.0168,0.0833,-0.0566
2019-02-09,ABC,2019-02-22,71.50,Call,10.90,14.40,0.3242,0.9996,0.0004,-0.0054,0.0003,0.0116
2019-02-09,ABC,2019-02-22,71.50,Put,0.00,0.15,0.3242,-0.0051,0.0028,-0.0028,0.0024,-0.0002
2019-02-09,ABC,2019-02-22,76.00,Call,8.00,9.80,0.3242,0.9747,0.0146,-0.0199,0.0086,0.0129
2019-02-09,ABC,2019-02-22,76.00,Put,0.00,0.25,0.3242,-0.0540,0.0206,-0.0206,0.0180,-0.0018
2019-02-09,ABC,2019-02-22,78.50,Call,4.70,7.70,0.3752,0.8627,0.0425,-0.0624,0.0367,0.0158
2019-02-09,ABC,2019-02-22,78.50,Put,0.25,0.40,0.3090,-0.1255,0.0407,-0.0367,0.0339,-0.0042
2019-02-09,ABC,2019-02-22,81.00,Call,3.00,3.90,0.1886,0.9038,0.0721,-0.0298,0.0253,0.0139
2019-02-09,ABC,2019-02-22,81.00,Put,0.55,0.80,0.2769,-0.2436,0.0693,-0.0497,0.0516,-0.0074
2019-02-09,ABC,2019-02-22,82.50,Call,2.45,2.70,0.2552,0.6816,0.0981,-0.0654,0.0570,0.0151
2019-02-09,ABC,2019-02-22,82.50,Put,0.95,1.20,0.2639,-0.3557,0.0866,-0.0560,0.0608,-0.0105
2019-02-09,ABC,2019-02-22,85.00,Call,1.00,1.25,0.2369,0.4184,0.1073,-0.0605,0.0640,0.0115
2019-02-09,ABC,2019-02-22,85.00,Put,2.00,2.35,0.2446,-0.5918,0.0979,-0.0529,0.0641,-0.0163
2019-02-09,ABC,2019-02-22,86.00,Call,0.65,0.85,0.2327,0.3151,0.0969,-0.0524,0.0578,0.0091
2019-02-09,ABC,2019-02-22,86.00,Put,2.65,2.95,0.2395,-0.6883,0.0915,-0.0464,0.0574,-0.0180
2019-02-09,ABC,2019-02-22,87.50,Call,0.30,0.45,0.2283,0.1868,0.0728,-0.0377,0.0442,0.0057
2019-02-09,ABC,2019-02-22,87.50,Put,3.70,4.10,0.2292,-0.8186,0.0723,-0.0315,0.0436,-0.0192
2019-02-09,ABC,2019-02-22,90.00,Call,0.00,0.15,0.2450,0.0784,0.0364,-0.0215,0.0240,0.0025
2019-02-09,ABC,2019-02-22,90.00,Put,4.60,7.10,0.2507,-0.9226,0.0371,-0.0167,0.0247,-0.0188
2019-02-09,ABC,2019-02-22,92.50,Call,0.00,0.15,0.2881,0.0462,0.0205,-0.0166,0.0159,0.0015
2019-02-09,ABC,2019-02-22,92.50,Put,6.50,10.80,0.2909,-0.9573,0.0203,-0.0104,0.0163,-0.0183
2019-02-09,ABC,2019-02-22,95.00,Call,0.00,0.15,0.3311,0.0309,0.0128,-0.0137,0.0115,0.0010
2019-02-09,ABC,2019-02-22,95.00,Put,10.80,11.40,0.3311,-0.9734,0.0122,-0.0064,0.0112,-0.0181
2019-02-09,ABC,2019-03-08,71.50,Call,10.50,15.10,0.3128,0.9936,0.0043,-0.0090,0.0040,0.0132
2019-02-09,ABC,2019-03-08,71.50,Put,0.10,0.30,0.3237,-0.0320,0.0095,-0.0094,0.0167,-0.0021
2019-02-09,ABC,2019-03-08,76.00,Call,6.50,10.40,0.2802,0.9411,0.0264,-0.0249,0.0262,0.0236
2019-02-09,ABC,2019-03-08,76.00,Put,0.35,0.55,0.3203,-0.1183,0.0267,-0.0257,0.0480,-0.0074
2019-02-09,ABC,2019-03-08,78.50,Call,4.90,7.40,0.2610,0.8613,0.0470,-0.0355,0.0523,0.0349
2019-02-09,ABC,2019-03-08,78.50,Put,0.65,0.90,0.3000,-0.1932,0.0396,-0.0332,0.0661,-0.0119
2019-02-09,ABC,2019-03-08,81.00,Call,4.10,4.60,0.2763,0.7057,0.0575,-0.0462,0.0798,0.0384
2019-02-09,ABC,2019-03-08,81.00,Put,1.10,1.55,0.2820,-0.3041,0.0538,-0.0394,0.0814,-0.0183
2019-02-09,ABC,2019-03-08,82.50,Call,3.10,3.50,0.2646,0.6179,0.0639,-0.0466,0.0880,0.0362
2019-02-09,ABC,2019-03-08,82.50,Put,1.55,1.95,0.2665,-0.3867,0.0624,-0.0404,0.0886,-0.0227
2019-02-09,ABC,2019-03-08,84.50,Call,1.95,2.35,0.2536,0.4855,0.0683,-0.0451,0.0931,0.0296
2019-02-09,ABC,2019-03-08,84.50,Put,2.35,2.85,0.2550,-0.5178,0.0684,-0.0396,0.0929,-0.0290
2019-02-09,ABC,2019-03-08,85.50,Call,1.50,2.05,0.2586,0.4211,0.0654,-0.0445,0.0913,0.0259
2019-02-09,ABC,2019-03-08,85.50,Put,2.90,3.30,0.2461,-0.5885,0.0694,-0.0369,0.0910,-0.0319
2019-02-09,ABC,2019-03-08,87.50,Call,0.75,1.00,0.2292,0.2749,0.0628,-0.0334,0.0780,0.0172
2019-02-09,ABC,2019-03-08,87.50,Put,4.00,5.90,0.3071,-0.6699,0.0519,-0.0429,0.0858,-0.0357
2019-02-09,ABC,2019-03-08,90.00,Call,0.30,0.45,0.2248,0.1439,0.0434,-0.0220,0.0527,0.0090
2019-02-09,ABC,2019-03-08,90.00,Put,5.50,6.70,0.1582,-0.9567,0.0322,-0.0017,0.0233,-0.0224
2019-02-09,ABC,2019-03-08,92.50,Call,0.00,0.30,0.2248,0.0664,0.0247,-0.0124,0.0300,0.0042
2019-02-09,ABC,2019-03-08,92.50,Put,6.50,10.80,0.1582,-0.9954,0.0055,0.0000,0.0040,-0.0161
2019-02-09,ABC,2019-03-08,95.00,Call,0.00,0.50,0.2248,0.0267,0.0118,-0.0059,0.0143,0.0017
2019-02-09,ABC,2019-03-08,95.00,Put,9.30,12.50,0.1582,-0.9999,0.0002,0.0000,0.0002,-0.0155
2019-02-09,ABC,2019-03-29,79.50,Call,6.00,6.40,0.2809,0.7293,0.0385,-0.0333,0.1005,0.0740
2019-02-09,ABC,2019-03-29,79.50,Put,1.35,1.70,0.2814,-0.2726,0.0388,-0.0279,0.1009,-0.0289
2019-02-09,ABC,2019-03-29,81.00,Call,4.80,5.30,0.2663,0.6725,0.0443,-0.0340,0.1116,0.0692
2019-02-09,ABC,2019-03-29,81.00,Put,1.75,2.10,0.2714,-0.3322,0.0440,-0.0291,0.1118,-0.0347
2019-02-09,ABC,2019-03-29,82.50,Call,3.90,4.30,0.2619,0.6030,0.0481,-0.0351,0.1192,0.0627
2019-02-09,ABC,2019-03-29,82.50,Put,2.25,2.60,0.2626,-0.4003,0.0486,-0.0297,0.1192,-0.0408
2019-02-09,ABC,2019-03-29,84.50,Call,2.75,3.10,0.2499,0.5029,0.0522,-0.0342,0.1229,0.0530
2019-02-09,ABC,2019-03-29,84.50,Put,3.10,3.50,0.2545,-0.5011,0.0520,-0.0293,0.1227,-0.0492
2019-02-09,ABC,2019-03-29,86.00,Call,2.05,2.35,0.2429,0.4234,0.0527,-0.0323,0.1213,0.0450
2019-02-09,ABC,2019-03-29,86.00,Put,3.80,4.30,0.2452,-0.5818,0.0533,-0.0271,0.1206,-0.0546
2019-02-09,ABC,2019-03-29,87.50,Call,1.45,1.90,0.2430,0.3492,0.0497,-0.0303,0.1149,0.0374
2019-02-09,ABC,2019-03-29,87.50,Put,4.80,5.40,0.2517,-0.6523,0.0495,-0.0260,0.1136,-0.0587
2019-02-09,ABC,2019-03-29,90.00,Call,0.65,1.10,0.2279,0.2246,0.0429,-0.0228,0.0912,0.0244
2019-02-09,ABC,2019-03-29,90.00,Put,6.40,7.10,0.2309,-0.7850,0.0446,-0.0177,0.0889,-0.0595
2019-02-09,ABC,2019-03-29,92.50,Call,0.35,0.50,0.2199,0.1300,0.0313,-0.0153,0.0650,0.0141
2019-02-09,ABC,2019-03-29,92.50,Put,7.70,10.60,0.2702,-0.8290,0.0336,-0.0180,0.0801,-0.0603
2019-02-09,ABC,2019-03-29,93.50,Call,0.25,0.40,0.2201,0.1041,0.0267,-0.0131,0.0555,0.0113
2019-02-09,ABC,2019-03-29,93.50,Put,8.30,11.60,0.2606,-0.8685,0.0304,-0.0140,0.0661,-0.0559
2019-02-09,ABMD,2019-02-15,290.00,Call,49.10,52.80,0.5091,0.9906,0.0010,-0.0634,0.0119,0.0549
2019-02-09,ABMD,2019-02-15,290.00,Put,0.10,0.65,0.5091,-0.0094,0.0010,-0.0431,0.0119,-0.0006
2019-02-09,ABMD,2019-02-15,310.00,Call,29.50,33.20,0.5091,0.9198,0.0062,-0.2758,0.0704,0.0539
2019-02-09,ABMD,2019-02-15,310.00,Put,0.65,1.15,0.5091,-0.0802,0.0062,-0.2541,0.0704,-0.0054
2019-02-09,ABMD,2019-02-15,320.00,Call,20.10,23.60,0.3223,0.9295,0.0089,-0.1676,0.0638,0.0566
2019-02-09,ABMD,2019-02-15,320.00,Put,1.10,2.05,0.4481,-0.1413,0.0106,-0.3366,0.1042,-0.0090
2019-02-09,ABMD,2019-02-15,330.00,Call,13.10,15.20,0.3808,0.7484,0.0177,-0.4269,0.1506,0.0462
2019-02-09,ABMD,2019-02-15,330.00,Put,2.40,4.00,0.4082,-0.2649,0.0171,-0.4473,0.1585,-0.0165
2019-02-09,ABMD,2019-02-15,340.00,Call,6.50,7.80,0.3425,0.5434,0.0245,-0.4711,0.1873,0.0341
2019-02-09,ABMD,2019-02-15,340.00,Put,5.30,7.10,0.3644,-0.4588,0.0232,-0.4800,0.1878,-0.0274
2019-02-09,ABMD,2019-02-15,350.00,Call,2.45,3.30,0.3284,0.2994,0.0224,-0.3921,0.1640,0.0190
2019-02-09,ABMD,2019-02-15,350.00,Put,10.60,14.00,0.3753,-0.6768,0.0205,-0.4428,0.1729,-0.0378
2019-02-09,ABMD,2019-02-15,370.00,Call,0.00,0.60,0.3203,0.0364,0.0053,-0.0872,0.0377,0.0023
2019-02-09,ABMD,2019-02-15,370.00,Put,27.80,31.40,0.3705,-0.9431,0.0070,-0.1293,0.0565,-0.0340
2019-02-09,ABMD,2019-02-15,380.00,Call,0.05,0.45,0.3203,0.0083,0.0015,-0.0247,0.0107,0.0005
2019-02-09,ABMD,2019-02-15,380.00,Put,37.50,41.20,0.3705,-0.9862,0.0028,-0.0356,0.0187,-0.0171
2019-02-09,ABMD,2019-02-15,390.00,Call,0.00,0.30,0.3203,0.0014,0.0003,-0.0051,0.0022,0.0001
2019-02-09,ABMD,2019-02-15,390.00,Put,47.50,51.20,0.3705,-1.0000,0.0001,0.0000,0.0000,0.0000
2019-02-09,ABMD,2019-03-15,290.00,Call,51.70,55.20,0.3925,0.9222,0.0035,-0.1047,0.1538,0.2501
2019-02-09,ABMD,2019-03-15,290.00,Put,2.05,3.30,0.4575,-0.1080,0.0039,-0.1260,0.1956,-0.0354
2019-02-09,ABMD,2019-03-15,310.00,Call,34.30,37.40,0.3650,0.8232,0.0067,-0.1603,0.2740,0.2346
2019-02-09,ABMD,2019-03-15,310.00,Put,3.90,5.30,0.3903,-0.1910,0.0066,-0.1566,0.2976,-0.0610
2019-02-09,ABMD,2019-03-15,320.00,Call,27.50,29.60,0.3700,0.7387,0.0083,-0.1974,0.3434,0.2140
2019-02-09,ABMD,2019-03-15,320.00,Put,6.30,7.60,0.3805,-0.2668,0.0082,-0.1833,0.3463,-0.0845
2019-02-09,ABMD,2019-03-15,330.00,Call,20.70,22.10,0.3533,0.6490,0.0099,-0.2119,0.3915,0.1916
2019-02-09,ABMD,2019-03-15,330.00,Put,9.20,10.70,0.3669,-0.3560,0.0097,-0.1992,0.3985,-0.1101
2019-02-09,ABMD,2019-03-15,340.00,Call,14.70,16.20,0.3432,0.5437,0.0109,-0.2175,0.4187,0.1628
2019-02-09,ABMD,2019-03-15,340.00,Put,12.90,15.00,0.3546,-0.4585,0.0107,-0.2029,0.4189,-0.1384
2019-02-09,ABMD,2019-03-15,350.00,Call,9.90,11.10,0.3313,0.4314,0.0112,-0.2063,0.4150,0.1309
2019-02-09,ABMD,2019-03-15,350.00,Put,18.00,20.30,0.3464,-0.5671,0.0109,-0.1940,0.4142,-0.1646
2019-02-09,ABMD,2019-03-15,370.00,Call,3.80,4.60,0.3178,0.2267,0.0090,-0.1497,0.3180,0.0701
2019-02-09,ABMD,2019-03-15,370.00,Put,30.80,34.80,0.3345,-0.7668,0.0090,-0.1400,0.3303,-0.1929
2019-02-09,ABMD,2019-03-15,380.00,Call,2.10,2.95,0.3159,0.1521,0.0071,-0.1157,0.2485,0.0473
2019-02-09,ABMD,2019-03-15,380.00,Put,39.20,43.00,0.3342,-0.8412,0.0073,-0.1073,0.2530,-0.1886
2019-02-09,ABMD,2019-03-15,390.00,Call,1.15,1.80,0.3156,0.0977,0.0052,-0.0845,0.1822,0.0305
2019-02-09,ABMD,2019-03-15,390.00,Put,48.30,52.00,0.3424,-0.8920,0.0057,-0.0816,0.1981,-0.1745
2019-02-09,ABT,2019-02-22,62.50,Call,10.65,11.00,0.2751,0.9987,0.0011,-0.0050,0.0006,0.0239
2019-02-09,ABT,2019-02-22,62.50,Put,0.00,0.03,0.2751,-0.0013,0.0011,-0.0006,0.0006,0.0000
2019-02-09,ABT,2019-02-22,66.00,Call,7.20,7.50,0.2751,0.9773,0.0137,-0.0121,0.0077,0.0246
2019-02-09,ABT,2019-02-22,66.00,Put,0.00,0.07,0.2751,-0.0227,0.0137,-0.0075,0.0077,-0.0007
2019-02-09,ABT,2019-02-22,68.00,Call,5.25,5.55,0.2572,0.9386,0.0329,-0.0204,0.0174,0.0243
2019-02-09,ABT,2019-02-22,68.00,Put,0.07,0.13,0.2572,-0.0614,0.0329,-0.0157,0.0174,-0.0018
2019-02-09,ABT,2019-02-22,70.50,Call,3.00,3.20,0.1938,0.8604,0.0798,-0.0263,0.0319,0.0230
2019-02-09,ABT,2019-02-22,70.50,Put,0.25,0.31,0.2168,-0.1658,0.0804,-0.0270,0.0366,-0.0044
2019-02-09,ABT,2019-02-22,72.00,Call,1.83,2.00,0.1891,0.7052,0.1271,-0.0369,0.0495,0.0191
2019-02-09,ABT,2019-02-22,72.00,Put,0.47,0.61,0.1937,-0.3001,0.1260,-0.0333,0.0507,-0.0077
2019-02-09,ABT,2019-02-22,73.50,Call,0.89,0.99,0.1724,0.4909,0.1611,-0.0377,0.0573,0.0134
2019-02-09,ABT,2019-02-22,73.50,Put,1.02,1.16,0.1804,-0.5112,0.1561,-0.0347,0.0573,-0.0123
2019-02-09,ABT,2019-02-22,75.00,Call,0.31,0.38,0.1614,0.2527,0.1379,-0.0277,0.0459,0.0070
2019-02-09,ABT,2019-02-22,75.00,Put,1.86,2.10,0.1669,-0.7472,0.1388,-0.0245,0.0470,-0.0152
2019-02-09,ABT,2019-02-22,76.50,Call,0.07,0.12,0.1570,0.0917,0.0731,-0.0137,0.0236,0.0025
2019-02-09,ABT,2019-02-22,76.50,Put,3.15,3.40,0.1802,-0.8868,0.0825,-0.0150,0.0291,-0.0137
2019-02-09,ABT,2019-02-22,78.50,Call,0.00,0.03,0.1570,0.0150,0.0168,-0.0031,0.0054,0.0004
2019-02-09,ABT,2019-02-22,78.50,Put,5.05,5.40,0.1802,-0.9884,0.0301,-0.0018,0.0056,-0.0025
2019-02-09,ABT,2019-02-22,80.00,Call,0.00,0.03,0.1570,0.0027,0.0037,-0.0007,0.0012,0.0001
2019-02-09,ABT,2019-02-22,80.00,Put,6.40,6.95,0.1802,-1.0000,0.0000,0.0000,0.0000,0.0000
2019-02-09,ABT,2019-03-08,63.00,Call,8.55,11.55,0.2784,0.9790,0.0089,-0.0094,0.0102,0.0470
2019-02-09,ABT,2019-03-08,63.00,Put,0.00,0.41,0.2784,-0.0210,0.0089,-0.0050,0.0102,-0.0012
2019-02-09,ABT,2019-03-08,66.00,Call,6.80,7.95,0.2639,0.9338,0.0240,-0.0166,0.0261,0.0467
2019-02-09,ABT,2019-03-08,66.00,Put,0.15,0.56,0.2639,-0.0661,0.0240,-0.0120,0.0267,-0.0036
2019-02-09,ABT,2019-03-08,68.00,Call,5.40,5.85,0.2061,0.9170,0.0365,-0.0157,0.0310,0.0473
2019-02-09,ABT,2019-03-08,68.00,Put,0.13,0.33,0.2061,-0.0829,0.0367,-0.0110,0.0331,-0.0044
2019-02-09,ABT,2019-03-08,70.50,Call,3.40,3.65,0.2053,0.7749,0.0720,-0.0261,0.0609,0.0409
2019-02-09,ABT,2019-03-08,70.50,Put,0.55,0.69,0.2148,-0.2356,0.0711,-0.0229,0.0630,-0.0123
2019-02-09,ABT,2019-03-08,72.00,Call,2.28,2.50,0.1926,0.6578,0.0939,-0.0289,0.0746,0.0352
2019-02-09,ABT,2019-03-08,72.00,Put,0.94,1.26,0.2159,-0.3583,0.0862,-0.0277,0.0765,-0.0182
2019-02-09,ABT,2019-03-08,73.50,Call,1.34,1.56,0.1806,0.5071,0.1088,-0.0286,0.0810,0.0274
2019-02-09,ABT,2019-03-08,73.50,Put,1.45,1.74,0.1937,-0.4962,0.1032,-0.0259,0.0810,-0.0238
2019-02-09,ABT,2019-03-08,75.00,Call,0.73,0.88,0.1760,0.3455,0.1031,-0.0252,0.0749,0.0188
2019-02-09,ABT,2019-03-08,75.00,Put,2.32,2.58,0.1895,-0.6499,0.0995,-0.0228,0.0745,-0.0285
2019-02-09,ABT,2019-03-08,76.50,Call,0.32,0.44,0.1696,0.2016,0.0817,-0.0183,0.0571,0.0110
2019-02-09,ABT,2019-03-08,76.50,Put,3.40,3.75,0.1936,-0.7767,0.0808,-0.0181,0.0622,-0.0298
2019-02-09,ABT,2019-03-08,78.50,Call,0.07,0.39,0.1706,0.0843,0.0446,-0.0100,0.0314,0.0046
2019-02-09,ABT,2019-03-08,78.50,Put,4.65,5.85,0.1928,-0.9039,0.0523,-0.0093,0.0357,-0.0240
2019-02-09,ABT,2019-03-08,80.00,Call,0.00,0.12,0.1706,0.0378,0.0237,-0.0053,0.0167,0.0021
2019-02-09,ABT,2019-03-08,80.00,Put,6.00,7.90,0.1928,-0.9633,0.0337,-0.0038,0.0177,-0.0130
2019-02-09,ABT,2019-03-29,66.50,Call,7.15,7.55,0.2217,0.9011,0.0292,-0.0148,0.0468,0.0788
2019-02-09,ABT,2019-03-29,66.50,Put,0.38,0.70,0.2684,-0.1405,0.0312,-0.0158,0.0626,-0.0132
2019-02-09,ABT,2019-03-29,68.00,Call,5.90,6.20,0.2187,0.8476,0.0401,-0.0181,0.0633,0.0752
2019-02-09,ABT,2019-03-29,68.00,Put,0.40,0.77,0.2338,-0.1680,0.0403,-0.0153,0.0694,-0.0156
2019-02-09,ABT,2019-03-29,70.50,Call,3.80,4.20,0.2018,0.7313,0.0609,-0.0218,0.0886,0.0666
2019-02-09,ABT,2019-03-29,70.50,Put,0.91,1.14,0.2123,-0.2797,0.0597,-0.0183,0.0923,-0.0252
2019-02-09,ABT,2019-03-29,72.00,Call,2.78,3.15,0.1963,0.6328,0.0715,-0.0234,0.1011,0.0583
2019-02-09,ABT,2019-03-29,72.00,Put,1.36,1.79,0.2137,-0.3790,0.0673,-0.0206,0.1018,-0.0332
2019-02-09,ABT,2019-03-29,73.50,Call,1.92,2.18,0.1874,0.5205,0.0792,-0.0231,0.1070,0.0484
2019-02-09,ABT,2019-03-29,73.50,Put,1.93,2.26,0.1977,-0.4850,0.0769,-0.0194,0.1069,-0.0404
2019-02-09,ABT,2019-03-29,75.00,Call,1.25,1.47,0.1836,0.4015,0.0784,-0.0215,0.1039,0.0377
2019-02-09,ABT,2019-03-29,75.00,Put,2.66,3.05,0.1888,-0.6044,0.0790,-0.0174,0.1024,-0.0467
2019-02-09,ABT,2019-03-29,76.50,Call,0.72,0.90,0.1761,0.2844,0.0717,-0.0178,0.0911,0.0269
2019-02-09,ABT,2019-03-29,76.50,Put,3.65,4.00,0.1827,-0.7217,0.0734,-0.0140,0.0889,-0.0495
2019-02-09,ABT,2019-03-29,78.50,Call,0.29,0.41,0.1677,0.1534,0.0526,-0.0117,0.0636,0.0146
2019-02-09,ABT,2019-03-29,78.50,Put,5.30,5.70,0.1935,-0.8283,0.0559,-0.0107,0.0687,-0.0472
2019-02-09,ABT,2019-03-29,80.50,Call,0.09,0.19,0.1677,0.0761,0.0318,-0.0070,0.0384,0.0073
2019-02-09,ABT,2019-03-29,80.50,Put,6.75,8.00,0.1935,-0.9170,0.0402,-0.0058,0.0432,-0.0344
2019-02-09,ACN,2019-02-22,132.00,Call,22.30,25.80,0.3848,0.9872,0.0028,-0.0229,0.0101,0.0498
2019-02-09,ACN,2019-02-22,132.00,Put,0.00,0.15,0.3848,-0.0128,0.0028,-0.0137,0.0101,-0.0008
2019-02-09,ACN,2019-02-22,140.00,Call,14.60,15.90,0.3848,0.9267,0.0119,-0.0672,0.0424,0.0491
2019-02-09,ACN,2019-02-22,140.00,Put,0.00,0.15,0.3848,-0.0733,0.0119,-0.0574,0.0424,-0.0045
2019-02-09,ACN,2019-02-22,145.00,Call,10.70,11.80,0.3071,0.8885,0.0203,-0.0723,0.0578,0.0487
2019-02-09,ACN,2019-02-22,145.00,Put,0.15,0.20,0.2338,-0.0566,0.0160,-0.0283,0.0347,-0.0034
2019-02-09,ACN,2019-02-22,149.00,Call,6.90,7.20,0.1883,0.8886,0.0331,-0.0481,0.0578,0.0503
2019-02-09,ACN,2019-02-22,149.00,Put,0.35,0.45,0.2022,-0.1277,0.0341,-0.0448,0.0667,-0.0072
2019-02-09,ACN,2019-02-22,152.50,Call,4.00,4.20,0.1741,0.7370,0.0615,-0.0696,0.0994,0.0424
2019-02-09,ACN,2019-02-22,152.50,Put,0.90,1.00,0.1825,-0.2731,0.0603,-0.0635,0.1020,-0.0149
2019-02-09,ACN,2019-02-22,155.00,Call,2.30,2.45,0.1635,0.5656,0.0790,-0.0760,0.1199,0.0328
2019-02-09,ACN,2019-02-22,155.00,Put,1.65,1.80,0.1704,-0.4390,0.0769,-0.0691,0.1197,-0.0229
2019-02-09,ACN,2019-02-22,157.50,Call,1.10,1.45,0.1664,0.3714,0.0746,-0.0724,0.1152,0.0217
2019-02-09,ACN,2019-02-22,157.50,Put,2.90,3.10,0.1621,-0.6376,0.0778,-0.0607,0.1155,-0.0301
2019-02-09,ACN,2019-02-22,162.50,Call,0.10,0.20,0.1500,0.0762,0.0313,-0.0242,0.0436,0.0045
2019-02-09,ACN,2019-02-22,162.50,Put,6.90,7.30,0.1634,-0.9188,0.0359,-0.0213,0.0485,-0.0249
2019-02-09,ACN,2019-02-22,167.50,Call,0.00,0.05,0.1500,0.0069,0.0042,-0.0032,0.0059,0.0004
2019-02-09,ACN,2019-02-22,167.50,Put,11.10,12.30,0.1634,-1.0000,0.0000,0.0000,0.0000,0.0000
2019-02-09,ACN,2019-02-22,170.00,Call,0.00,0.05,0.1500,0.0015,0.0011,-0.0008,0.0015,0.0001
2019-02-09,ACN,2019-02-22,170.00,Put,14.30,14.70,0.1634,-1.0000,0.0000,0.0000,0.0000,0.0000
2019-02-09,ACN,2019-02-22,180.00,Call,0.00,0.05,0.1500,0.0000,0.0000,0.0000,0.0000,0.0000
2019-02-09,ACN,2019-02-22,180.00,Put,24.00,24.80,0.1634,-1.0000,0.0000,0.0000,0.0000,0.0000
2019-02-09,ACN,2019-03-08,134.00,Call,19.80,24.00,0.2151,0.9949,0.0016,-0.0117,0.0063,0.1020
2019-02-09,ACN,2019-03-08,134.00,Put,0.00,0.40,0.2284,-0.0077,0.0021,-0.0036,0.0091,-0.0009
2019-02-09,ACN,2019-03-08,140.00,Call,15.20,17.40,0.2151,0.9667,0.0080,-0.0217,0.0319,0.1031
2019-02-09,ACN,2019-03-08,140.00,Put,0.20,0.60,0.2284,-0.0417,0.0091,-0.0152,0.0384,-0.0051
2019-02-09,ACN,2019-03-08,145.00,Call,10.90,11.60,0.2007,0.9085,0.0190,-0.0345,0.0709,0.0998
2019-02-09,ACN,2019-03-08,145.00,Put,0.40,0.90,0.2007,-0.0916,0.0191,-0.0245,0.0727,-0.0104
2019-02-09,ACN,2019-03-08,149.00,Call,7.60,8.30,0.2070,0.7932,0.0320,-0.0536,0.1231,0.0886
2019-02-09,ACN,2019-03-08,149.00,Put,0.90,1.25,0.2070,-0.2077,0.0323,-0.0436,0.1240,-0.0231
2019-02-09,ACN,2019-03-08,152.50,Call,4.80,5.20,0.1769,0.6822,0.0468,-0.0556,0.1536,0.0776
2019-02-09,ACN,2019-03-08,152.50,Put,1.70,1.85,0.1867,-0.3280,0.0454,-0.0488,0.1579,-0.0351
2019-02-09,ACN,2019-03-08,155.00,Call,3.20,3.70,0.1740,0.5571,0.0527,-0.0587,0.1701,0.0638
2019-02-09,ACN,2019-03-08,155.00,Put,2.55,2.80,0.1797,-0.4480,0.0519,-0.0506,0.1707,-0.0461
2019-02-09,ACN,2019-03-08,157.50,Call,2.00,2.25,0.1652,0.4203,0.0549,-0.0541,0.1685,0.0485
2019-02-09,ACN,2019-03-08,157.50,Put,3.70,4.10,0.1734,-0.5815,0.0537,-0.0470,0.1683,-0.0560
2019-02-09,ACN,2019-03-08,162.50,Call,0.55,0.90,0.1656,0.1889,0.0379,-0.0365,0.1165,0.0220
2019-02-09,ACN,2019-03-08,162.50,Put,6.80,7.70,0.1511,-0.8522,0.0408,-0.0211,0.1018,-0.0548
2019-02-09,ACN,2019-03-08,167.50,Call,0.05,0.30,0.1656,0.0614,0.0170,-0.0161,0.0523,0.0072
2019-02-09,ACN,2019-03-08,167.50,Put,9.90,14.10,0.1511,-0.9877,0.0162,-0.0021,0.0193,-0.0047
2019-02-09,ACN,2019-03-08,170.00,Call,0.00,0.20,0.1656,0.0310,0.0098,-0.0092,0.0302,0.0036
2019-02-09,ACN,2019-03-08,170.00,Put,12.60,16.60,0.1511,-1.0000,0.0000,0.0000,0.0000,0.0000
2019-02-09,ACN,2019-03-08,180.00,Call,0.00,0.05,0.1656,0.0009,0.0004,-0.0004,0.0014,0.0001
2019-02-09,ACN,2019-03-08,180.00,Put,22.40,26.90,0.1511,-1.0000,0.0000,0.0000,0.0000,0.0000
2019-02-09,ACN,2019-03-29,139.00,Call,17.20,18.40,0.2574,0.8998,0.0120,-0.0351,0.1002,0.1639
2019-02-09,ACN,2019-03-29,139.00,Put,0.95,1.40,0.2974,-0.1313,0.0126,-0.0355,0.1198,-0.0266
2019-02-09,ACN,2019-03-29,140.00,Call,16.40,18.20,0.2888,0.8609,0.0135,-0.0456,0.1263,0.1564
2019-02-09,ACN,2019-03-29,140.00,Put,1.05,1.45,0.2907,-0.1408,0.0136,-0.0364,0.1327,-0.0284
2019-02-09,ACN,2019-03-29,145.00,Call,12.10,13.40,0.2518,0.8019,0.0194,-0.0488,0.1586,0.1502
2019-02-09,ACN,2019-03-29,145.00,Put,1.70,2.15,0.2679,-0.2119,0.0191,-0.0431,0.1670,-0.0420
2019-02-09,ACN,2019-03-29,149.00,Call,9.30,10.20,0.2467,0.7133,0.0242,-0.0561,0.1940,0.1358
2019-02-09,ACN,2019-03-29,149.00,Put,2.55,3.00,0.2525,-0.2925,0.0241,-0.0476,0.1975,-0.0567
2019-02-09,ACN,2019-03-29,152.50,Call,6.90,7.40,0.2287,0.6267,0.0291,-0.0569,0.2158,0.1212
2019-02-09,ACN,2019-03-29,152.50,Put,3.60,3.90,0.2376,-0.3799,0.0285,-0.0489,0.2160,-0.0715
2019-02-09,ACN,2019-03-29,155.00,Call,5.40,5.90,0.2237,0.5517,0.0310,-0.0572,0.2254,0.1076
2019-02-09,ACN,2019-03-29,155.00,Put,4.20,4.80,0.2210,-0.4527,0.0321,-0.0466,0.2256,-0.0824
2019-02-09,ACN,2019-03-29,157.50,Call,4.20,4.50,0.2191,0.4727,0.0319,-0.0557,0.2268,0.0928
2019-02-09,ACN,2019-03-29,157.50,Put,5.70,6.10,0.2251,-0.5317,0.0318,-0.0470,0.2263,-0.0937
2019-02-09,ACN,2019-03-29,162.50,Call,2.20,2.45,0.2092,0.3145,0.0298,-0.0466,0.2023,0.0625
2019-02-09,ACN,2019-03-29,162.50,Put,8.30,9.20,0.2085,-0.6974,0.0310,-0.0363,0.2002,-0.1075
2019-02-09,ACN,2019-03-29,167.50,Call,1.00,1.20,0.2026,0.1814,0.0228,-0.0330,0.1502,0.0364
2019-02-09,ACN,2019-03-29,167.50,Put,11.80,13.80,0.2168,-0.8168,0.0239,-0.0272,0.1524,-0.1056
2019-02-09,ACN,2019-03-29,170.00,Call,0.40,0.80,0.2366,0.1740,0.0191,-0.0372,0.1463,0.0347
2019-02-09,ACN,2019-03-29,170.00,Put,14.60,15.80,0.2366,-0.8417,0.0202,-0.0270,0.1390,-0.1050
2019-02-09,ACN,2019-03-29,180.00,Call,0.00,0.30,0.2366,0.0550,0.0082,-0.0159,0.0634,0.0111
2019-02-09,ACN,2019-03-29,180.00,Put,22.50,27.00,0.2366,-0.9724,0.0097,-0.0054,0.0390,-0.0336
2019-02-09,ADBE,2019-02-22,217.50,Call,39.10,40.00,0.2787,0.9990,0.0002,-0.0168,0.0016,0.0832
2019-02-09,ADBE,2019-02-22,217.50,Put,0.00,0.12,0.3544,-0.0071,0.0011,-0.0124,0.0099,-0.0007
2019-02-09,ADBE,2019-02-22,232.50,Call,24.55,25.35,0.2939,0.9630,0.0055,-0.0583,0.0407,0.0853
2019-02-09,ADBE,2019-02-22,232.50,Put,0.32,0.42,0.3250,-0.0524,0.0066,-0.0616,0.0539,-0.0053
2019-02-09,ADBE,2019-02-22,240.00,Call,17.60,18.20,0.2800,0.9021,0.0123,-0.1020,0.0870,0.0820
2019-02-09,ADBE,2019-02-22,240.00,Put,0.67,0.89,0.2928,-0.1075,0.0126,-0.0954,0.0931,-0.0109
2019-02-09,ADBE,2019-02-22,247.50,Call,11.20,11.70,0.2635,0.7808,0.0223,-0.1532,0.1487,0.0725
2019-02-09,ADBE,2019-02-22,247.50,Put,1.79,1.97,0.2747,-0.2282,0.0220,-0.1461,0.1576,-0.0212
2019-02-09,ADBE,2019-02-22,252.50,Call,7.60,7.95,0.2540,0.6553,0.0288,-0.1794,0.1853,0.0616
2019-02-09,ADBE,2019-02-22,252.50,Put,3.05,3.30,0.2612,-0.3493,0.0284,-0.1686,0.1861,-0.0317
2019-02-09,ADBE,2019-02-22,257.50,Call,4.70,4.95,0.2464,0.5016,0.0322,-0.1854,0.2007,0.0476
2019-02-09,ADBE,2019-02-22,257.50,Put,5.00,5.40,0.2516,-0.5000,0.0318,-0.1730,0.2008,-0.0434
2019-02-09,ADBE,2019-02-22,262.50,Call,2.43,2.67,0.2326,0.3369,0.0312,-0.1586,0.1837,0.0322
2019-02-09,ADBE,2019-02-22,262.50,Put,7.80,8.20,0.2419,-0.6600,0.0306,-0.1498,0.1842,-0.0532
2019-02-09,ADBE,2019-02-22,267.50,Call,1.10,1.25,0.2241,0.1926,0.0243,-0.1136,0.1377,0.0185
2019-02-09,ADBE,2019-02-22,267.50,Put,11.15,11.90,0.2282,-0.8092,0.0247,-0.1011,0.1422,-0.0559
2019-02-09,ADBE,2019-02-22,275.00,Call,0.21,0.28,0.2108,0.0552,0.0105,-0.0433,0.0562,0.0053
2019-02-09,ADBE,2019-02-22,275.00,Put,17.55,18.65,0.2099,-0.9580,0.0112,-0.0262,0.0480,-0.0325
2019-02-09,ADBE,2019-02-22,282.50,Call,0.00,0.07,0.2108,0.0123,0.0030,-0.0123,0.0160,0.0012
2019-02-09,ADBE,2019-02-22,282.50,Put,25.05,26.05,0.2099,-1.0000,0.0000,0.0000,0.0000,0.0000
2019-02-09,ADBE,2019-02-22,290.00,Call,0.00,0.05,0.2108,0.0020,0.0006,-0.0024,0.0031,0.0002
2019-02-09,ADBE,2019-02-22,290.00,Put,32.75,33.55,0.2099,-1.0000,0.0000,0.0000,0.0000,0.0000
2019-02-09,ADBE,2019-03-08,217.50,Call,37.80,41.55,0.3611,0.9589,0.0034,-0.0548,0.0627,0.1580
2019-02-09,ADBE,2019-03-08,217.50,Put,0.27,0.62,0.3611,-0.0411,0.0034,-0.0397,0.0627,-0.0084
2019-02-09,ADBE,2019-03-08,232.50,Call,25.10,26.50,0.2814,0.9115,0.0080,-0.0719,0.1142,0.1599
2019-02-09,ADBE,2019-03-08,232.50,Put,1.00,1.38,0.3091,-0.1081,0.0085,-0.0713,0.1354,-0.0207
2019-02-09,ADBE,2019-03-08,240.00,Call,18.60,20.20,0.2815,0.8269,0.0128,-0.1051,0.1822,0.1481
2019-02-09,ADBE,2019-03-08,240.00,Put,2.01,2.33,0.2938,-0.1830,0.0127,-0.0961,0.1874,-0.0346
2019-02-09,ADBE,2019-03-08,247.50,Call,13.20,14.15,0.2757,0.7113,0.0174,-0.1315,0.2431,0.1297
2019-02-09,ADBE,2019-03-08,247.50,Put,3.65,3.95,0.2794,-0.2920,0.0174,-0.1175,0.2488,-0.0538
2019-02-09,ADBE,2019-03-08,252.50,Call,9.70,10.50,0.2609,0.6208,0.0205,-0.1367,0.2708,0.1146
2019-02-09,ADBE,2019-03-08,252.50,Put,5.25,5.85,0.2762,-0.3859,0.0196,-0.1283,0.2712,-0.0697
2019-02-09,ADBE,2019-03-08,257.50,Call,7.00,7.55,0.2562,0.5142,0.0219,-0.1386,0.2837,0.0958
2019-02-09,ADBE,2019-03-08,257.50,Put,7.15,8.10,0.2672,-0.4880,0.0212,-0.1280,0.2837,-0.0852
2019-02-09,ADBE,2019-03-08,262.50,Call,4.65,5.15,0.2483,0.4032,0.0219,-0.1291,0.2755,0.0757
2019-02-09,ADBE,2019-03-08,262.50,Put,10.00,10.80,0.2649,-0.5933,0.0210,-0.1218,0.2788,-0.0990
2019-02-09,ADBE,2019-03-08,267.50,Call,2.87,3.30,0.2408,0.2953,0.0201,-0.1108,0.2457,0.0558
2019-02-09,ADBE,2019-03-08,267.50,Put,12.90,14.10,0.2551,-0.6987,0.0198,-0.1029,0.2499,-0.1084
2019-02-09,ADBE,2019-03-08,275.00,Call,1.22,1.72,0.2383,0.1677,0.0148,-0.0789,0.1785,0.0319
2019-02-09,ADBE,2019-03-08,275.00,Put,18.70,20.15,0.2578,-0.8207,0.0152,-0.0751,0.1858,-0.1097
2019-02-09,ADBE,2019-03-08,282.50,Call,0.44,0.71,0.2318,0.0791,0.0089,-0.0448,0.1049,0.0151
2019-02-09,ADBE,2019-03-08,282.50,Put,25.30,27.30,0.2795,-0.8869,0.0107,-0.0578,0.1389,-0.1019
2019-02-09,ADBE,2019-03-08,290.00,Call,0.07,0.47,0.2280,0.0321,0.0044,-0.0214,0.0512,0.0062
2019-02-09,ADBE,2019-03-08,290.00,Put,32.35,35.25,0.3091,-0.9217,0.0077,-0.0476,0.1085,-0.0929
2019-02-09,ADBE,2019-03-29,220.00,Call,38.60,40.15,0.3524,0.9026,0.0052,-0.0721,0.1621,0.2583
2019-02-09,ADBE,2019-03-29,220.00,Put,1.69,1.91,0.3637,-0.1038,0.0053,-0.0613,0.1732,-0.0354
2019-02-09,ADBE,2019-03-29,232.50,Call,27.85,29.00,0.3268,0.8229,0.0084,-0.0947,0.2445,0.2455
2019-02-09,ADBE,2019-03-29,232.50,Put,3.35,3.70,0.3429,-0.1876,0.0084,-0.0857,0.2630,-0.0629
2019-02-09,ADBE,2019-03-29,240.00,Call,22.00,23.50,0.3242,0.7471,0.0105,-0.1117,0.3009,0.2270
2019-02-09,ADBE,2019-03-29,240.00,Put,4.95,5.40,0.3319,-0.2582,0.0104,-0.0988,0.3064,-0.0855
2019-02-09,ADBE,2019-03-29,247.50,Call,16.75,18.05,0.3123,0.6617,0.0124,-0.1207,0.3442,0.2047
2019-02-09,ADBE,2019-03-29,247.50,Put,7.15,7.75,0.3231,-0.3439,0.0122,-0.1087,0.3431,-0.1117
2019-02-09,ADBE,2019-03-29,252.50,Call,13.65,14.65,0.3031,0.5972,0.0136,-0.1227,0.3643,0.1869
2019-02-09,ADBE,2019-03-29,252.50,Put,9.00,9.55,0.3154,-0.4074,0.0132,-0.1110,0.3655,-0.1299
2019-02-09,ADBE,2019-03-29,257.50,Call,11.10,11.75,0.2993,0.5275,0.0141,-0.1234,0.3746,0.1665
2019-02-09,ADBE,2019-03-29,257.50,Put,11.15,11.85,0.3101,-0.4754,0.0139,-0.1110,0.3744,-0.1480
2019-02-09,ADBE,2019-03-29,262.50,Call,8.70,9.50,0.2970,0.4569,0.0142,-0.1210,0.3733,0.1453
2019-02-09,ADBE,2019-03-29,262.50,Put,13.55,14.50,0.3038,-0.5457,0.0141,-0.1071,0.3751,-0.1650
2019-02-09,ADBE,2019-03-29,267.50,Call,6.60,7.15,0.2879,0.3844,0.0141,-0.1123,0.3596,0.1233
2019-02-09,ADBE,2019-03-29,267.50,Put,16.50,17.35,0.2980,-0.6162,0.0140,-0.0998,0.3611,-0.1794
2019-02-09,ADBE,2019-03-29,275.00,Call,4.35,4.65,0.2833,0.2854,0.0127,-0.0974,0.3197,0.0923
2019-02-09,ADBE,2019-03-29,275.00,Put,21.35,22.60,0.2915,-0.7163,0.0129,-0.0843,0.3154,-0.1923
2019-02-09,ADBE,2019-03-29,282.50,Call,2.58,2.87,0.2761,0.1976,0.0107,-0.0772,0.2615,0.0644
2019-02-09,ADBE,2019-03-29,282.50,Put,27.10,28.70,0.2922,-0.7983,0.0110,-0.0680,0.2713,-0.1929
2019-02-09,ADBE,2019-03-29,290.00,Call,1.43,1.72,0.2711,0.1288,0.0082,-0.0570,0.1979,0.0423
2019-02-09,ADBE,2019-03-29,290.00,Put,33.55,35.10,0.2926,-0.8647,0.0089,-0.0504,0.2071,-0.1788
2019-02-09,ADI,2019-02-22,85.50,Call,12.90,17.30,0.2263,0.9999,0.0001,-0.0060,0.0001,0.0327
2019-02-09,ADI,2019-02-22,85.50,Put,0.00,0.50,0.3723,-0.0108,0.0039,-0.0074,0.0056,-0.0004
2019-02-09,ADI,2019-02-22,90.50,Call,10.00,10.80,0.2263,0.9931,0.0043,-0.0093,0.0038,0.0344
2019-02-09,ADI,2019-02-22,90.50,Put,0.15,0.55,0.3723,-0.0644,0.0171,-0.0326,0.0248,-0.0026
2019-02-09,ADI,2019-02-22,93.50,Call,7.30,7.90,0.3032,0.9033,0.0286,-0.0424,0.0338,0.0320
2019-02-09,ADI,2019-02-22,93.50,Put,0.35,1.35,0.3032,-0.0965,0.0287,-0.0360,0.0339,-0.0036
2019-02-09,ADI,2019-02-22,96.50,Call,4.90,5.50,0.3191,0.7684,0.0484,-0.0736,0.0601,0.0277
2019-02-09,ADI,2019-02-22,96.50,Put,0.90,1.25,0.3510,-0.2508,0.0462,-0.0773,0.0618,-0.0092
2019-02-09,ADI,2019-02-22,98.50,Call,3.60,4.10,0.3238,0.6555,0.0577,-0.0884,0.0726,0.0238
2019-02-09,ADI,2019-02-22,98.50,Put,1.45,1.70,0.3301,-0.3476,0.0571,-0.0839,0.0728,-0.0125
2019-02-09,ADI,2019-02-22,101.00,Call,2.20,2.45,0.3061,0.5006,0.0661,-0.0894,0.0787,0.0184
2019-02-09,ADI,2019-02-22,101.00,Put,2.50,2.75,0.3212,-0.4997,0.0635,-0.0874,0.0787,-0.0174
2019-02-09,ADI,2019-02-22,103.00,Call,1.30,1.65,0.3026,0.3707,0.0633,-0.0831,0.0745,0.0137
2019-02-09,ADI,2019-02-22,103.00,Put,3.50,4.10,0.3217,-0.6228,0.0606,-0.0825,0.0751,-0.0207
2019-02-09,ADI,2019-02-22,105.00,Call,0.70,0.95,0.2917,0.2479,0.0550,-0.0667,0.0624,0.0093
2019-02-09,ADI,2019-02-22,105.00,Put,4.90,5.40,0.3139,-0.7387,0.0536,-0.0678,0.0652,-0.0228
2019-02-09,ADI,2019-02-22,108.00,Call,0.15,0.50,0.3329,0.1535,0.0361,-0.0566,0.0467,0.0057
2019-02-09,ADI,2019-02-22,108.00,Put,7.30,8.10,0.3329,-0.8513,0.0367,-0.0500,0.0466,-0.0231
2019-02-09,ADI,2019-02-22,111.00,Call,0.00,0.50,0.3623,0.0935,0.0234,-0.0433,0.0330,0.0035
2019-02-09,ADI,2019-02-22,111.00,Put,9.30,12.50,0.3623,-0.9121,0.0239,-0.0365,0.0322,-0.0214
2019-02-09,ADI,2019-02-22,116.00,Call,0.00,0.45,0.3623,0.0262,0.0085,-0.0157,0.0120,0.0010
2019-02-09,ADI,2019-02-22,116.00,Put,13.70,17.70,0.3623,-0.9824,0.0090,-0.0085,0.0093,-0.0097
2019-02-09,ADI,2019-03-08,85.50,Call,13.10,17.40,0.2979,0.9868,0.0046,-0.0114,0.0100,0.0440
2019-02-09,ADI,2019-03-08,85.50,Put,0.00,1.00,0.2979,-0.0231,0.0066,-0.0079,0.0152,-0.0018
2019-02-09,ADI,2019-03-08,90.50,Call,9.60,11.70,0.2979,0.9252,0.0188,-0.0287,0.0389,0.0446
2019-02-09,ADI,2019-03-08,90.50,Put,0.20,1.55,0.2979,-0.0959,0.0207,-0.0245,0.0468,-0.0072
2019-02-09,ADI,2019-03-08,93.50,Call,7.00,9.00,0.2979,0.8426,0.0315,-0.0439,0.0663,0.0434
2019-02-09,ADI,2019-03-08,93.50,Put,0.60,1.95,0.2979,-0.1819,0.0321,-0.0379,0.0731,-0.0135
2019-02-09,ADI,2019-03-08,96.50,Call,5.30,6.50,0.3171,0.7118,0.0412,-0.0616,0.0942,0.0407
2019-02-09,ADI,2019-03-08,96.50,Put,1.50,2.45,0.3317,-0.3157,0.0389,-0.0566,0.0974,-0.0232
2019-02-09,ADI,2019-03-08,98.50,Call,4.00,4.90,0.2998,0.6276,0.0480,-0.0635,0.1038,0.0374
2019-02-09,ADI,2019-03-08,98.50,Put,2.10,3.20,0.3218,-0.3972,0.0435,-0.0591,0.1080,-0.0287
2019-02-09,ADI,2019-03-08,101.00,Call,2.55,3.60,0.2957,0.5030,0.0508,-0.0644,0.1101,0.0308
2019-02-09,ADI,2019-03-08,101.00,Put,3.20,4.20,0.3064,-0.5111,0.0473,-0.0574,0.1111,-0.0363
2019-02-09,ADI,2019-03-08,103.00,Call,1.70,2.65,0.2902,0.4020,0.0497,-0.0603,0.1064,0.0260
2019-02-09,ADI,2019-03-08,103.00,Put,4.30,5.20,0.2943,-0.6082,0.0475,-0.0521,0.1061,-0.0423
2019-02-09,ADI,2019-03-08,105.00,Call,1.00,1.95,0.2854,0.3069,0.0456,-0.0532,0.0989,0.0208
2019-02-09,ADI,2019-03-08,105.00,Put,4.90,6.70,0.2616,-0.7214,0.0469,-0.0387,0.0927,-0.0483
2019-02-09,ADI,2019-03-08,108.00,Call,0.30,1.45,0.2755,0.1830,0.0353,-0.0381,0.0751,0.0130
2019-02-09,ADI,2019-03-08,108.00,Put,7.30,9.30,0.2755,-0.8233,0.0345,-0.0297,0.0738,-0.0539
2019-02-09,ADI,2019-03-08,111.00,Call,0.00,0.95,0.2869,0.1121,0.0242,-0.0282,0.0551,0.0080
2019-02-09,ADI,2019-03-08,111.00,Put,10.00,11.90,0.2869,-0.8924,0.0237,-0.0199,0.0535,-0.0576
2019-02-09,ADI,2019-03-08,116.00,Call,0.00,0.80,0.2869,0.0382,0.0104,-0.0121,0.0230,0.0028
2019-02-09,ADI,2019-03-08,116.00,Put,13.60,18.20,0.2869,-0.9649,0.0100,-0.0035,0.0226,-0.0610
2019-02-09,ADI,2019-03-29,94.50,Call,7.50,8.10,0.2831,0.7512,0.0324,-0.0405,0.1166,0.0770
2019-02-09,ADI,2019-03-29,94.50,Put,1.50,2.30,0.2999,-0.2675,0.0302,-0.0353,0.1201,-0.0342
2019-02-09,ADI,2019-03-29,96.50,Call,6.00,6.60,0.2721,0.6851,0.0371,-0.0423,0.1315,0.0750
2019-02-09,ADI,2019-03-29,96.50,Put,2.00,3.20,0.3015,-0.3348,0.0332,-0.0390,0.1336,-0.0423
2019-02-09,ADI,2019-03-29,98.50,Call,4.60,5.90,0.2835,0.6032,0.0379,-0.0459,0.1417,0.0704
2019-02-09,ADI,2019-03-29,98.50,Put,2.80,3.60,0.2859,-0.4026,0.0373,-0.0389,0.1425,-0.0496
2019-02-09,ADI,2019-03-29,101.00,Call,3.20,4.20,0.2651,0.5041,0.0416,-0.0436,0.1467,0.0617
2019-02-09,ADI,2019-03-29,101.00,Put,3.80,4.40,0.2637,-0.5015,0.0420,-0.0363,0.1466,-0.0593
2019-02-09,ADI,2019-03-29,103.00,Call,2.35,2.90,0.2495,0.4162,0.0430,-0.0396,0.1451,0.0522
2019-02-09,ADI,2019-03-29,103.00,Put,4.90,5.90,0.2736,-0.5789,0.0398,-0.0365,0.1442,-0.0667
2019-02-09,ADI,2019-03-29,105.00,Call,1.60,2.55,0.2592,0.3432,0.0389,-0.0383,0.1375,0.0435
2019-02-09,ADI,2019-03-29,105.00,Put,6.20,6.90,0.2622,-0.6619,0.0392,-0.0319,0.1359,-0.0724
2019-02-09,ADI,2019-03-29,108.00,Call,0.85,1.20,0.2346,0.2165,0.0342,-0.0274,0.1092,0.0280
2019-02-09,ADI,2019-03-29,108.00,Put,8.30,9.00,0.2504,-0.7771,0.0341,-0.0233,0.1108,-0.0768
2019-02-09,ADI,2019-03-29,111.00,Call,0.30,0.95,0.2597,0.1615,0.0257,-0.0250,0.0918,0.0209
2019-02-09,ADI,2019-03-29,111.00,Put,10.90,11.60,0.2597,-0.8496,0.0262,-0.0174,0.0873,-0.0780
2019-02-09,ADI,2019-03-29,116.00,Call,0.00,1.30,0.2698,0.0819,0.0153,-0.0159,0.0556,0.0105
2019-02-09,ADI,2019-03-29,116.00,Put,14.30,17.40,0.2698,-0.9299,0.0150,-0.0073,0.0511,-0.0749
2019-02-09,ADM,2019-02-22,35.00,Call,6.35,7.00,0.2460,1.0000,0.0000,-0.0024,0.0000,0.0057
2019-02-09,ADM,2019-02-22,35.00,Put,0.00,0.06,0.2460,-0.0002,0.0004,-0.0001,0.0001,0.0000
2019-02-09,ADM,2019-02-22,38.00,Call,3.60,4.05,0.2460,0.9959,0.0086,-0.0038,0.0008,0.0062
2019-02-09,ADM,2019-02-22,38.00,Put,0.03,0.08,0.2460,-0.0337,0.0376,-0.0052,0.0061,-0.0005
2019-02-09,ADM,2019-02-22,39.00,Call,2.48,2.90,0.2460,0.9678,0.0506,-0.0098,0.0056,0.0065
2019-02-09,ADM,2019-02-22,39.00,Put,0.07,0.12,0.2460,-0.0985,0.0874,-0.0121,0.0142,-0.0015
2019-02-09,ADM,2019-02-22,40.00,Call,1.69,1.92,0.1880,0.9394,0.1112,-0.0118,0.0096,0.0066
2019-02-09,ADM,2019-02-22,40.00,Put,0.15,0.20,0.2080,-0.1858,0.1595,-0.0157,0.0217,-0.0028
2019-02-09,ADM,2019-02-22,41.00,Call,0.83,1.02,0.1715,0.7555,0.3057,-0.0232,0.0241,0.0064
2019-02-09,ADM,2019-02-22,41.00,Put,0.37,0.45,0.1886,-0.3783,0.2511,-0.0198,0.0310,-0.0054
2019-02-09,ADM,2019-02-22,42.00,Call,0.38,0.42,0.1867,0.4131,0.3095,-0.0265,0.0302,0.0045
2019-02-09,ADM,2019-02-22,42.00,Put,0.83,1.04,0.1896,-0.6358,0.2490,-0.0191,0.0308,-0.0082
2019-02-09,ADM,2019-02-22,43.00,Call,0.11,0.15,0.1864,0.1693,0.1803,-0.0152,0.0205,0.0024
2019-02-09,ADM,2019-02-22,43.00,Put,1.56,2.02,0.2350,-0.7857,0.1572,-0.0180,0.0238,-0.0094
2019-02-09,ADM,2019-02-22,45.00,Call,0.00,0.07,0.3348,0.1111,0.0705,-0.0189,0.0157,0.0017
2019-02-09,ADM,2019-02-22,45.00,Put,3.50,3.90,0.3348,-0.8933,0.0702,-0.0156,0.0153,-0.0100
2019-02-09,ADM,2019-02-22,46.00,Call,0.01,0.08,0.3975,0.0969,0.0532,-0.0200,0.0139,0.0015
2019-02-09,ADM,2019-02-22,46.00,Put,4.50,4.90,0.3975,-0.9070,0.0534,-0.0169,0.0135,-0.0102
2019-02-09,ADM,2019-02-22,48.00,Call,0.00,0.07,0.4900,0.0693,0.0335,-0.0191,0.0108,0.0011
2019-02-09,ADM,2019-02-22,48.00,Put,6.50,6.85,0.4900,-0.9342,0.0334,-0.0157,0.0102,-0.0104
2019-02-09,ADM,2019-03-08,35.00,Call,6.55,6.90,0.1972,1.0000,0.0000,-0.0024,0.0000,0.0057
2019-02-09,ADM,2019-03-08,35.00,Put,0.00,0.13,0.2261,-0.0030,0.0035,-0.0004,0.0010,-0.0001
2019-02-09,ADM,2019-03-08,38.00,Call,3.55,4.00,0.1972,0.9967,0.0084,-0.0034,0.0010,0.0063
2019-02-09,ADM,2019-03-08,38.00,Put,0.08,0.16,0.2261,-0.0755,0.0551,-0.0064,0.0168,-0.0023
2019-02-09,ADM,2019-03-08,39.00,Call,2.63,2.96,0.1972,0.9622,0.0661,-0.0086,0.0096,0.0075
2019-02-09,ADM,2019-03-08,39.00,Put,0.18,0.25,0.2261,-0.1543,0.0921,-0.0106,0.0275,-0.0046
2019-02-09,ADM,2019-03-08,40.00,Call,1.73,2.00,0.1835,0.8604,0.1725,-0.0160,0.0234,0.0101
2019-02-09,ADM,2019-03-08,40.00,Put,0.31,0.41,0.2040,-0.2507,0.1373,-0.0127,0.0370,-0.0074
2019-02-09,ADM,2019-03-08,41.00,Call,1.11,1.23,0.1941,0.6311,0.2158,-0.0208,0.0420,0.0145
2019-02-09,ADM,2019-03-08,41.00,Put,0.60,0.70,0.1911,-0.4037,0.1793,-0.0142,0.0447,-0.0113
2019-02-09,ADM,2019-03-08,42.00,Call,0.59,0.69,0.1884,0.4234,0.1940,-0.0174,0.0448,0.0121
2019-02-09,ADM,2019-03-08,42.00,Put,1.08,1.18,0.1831,-0.5914,0.1900,-0.0132,0.0448,-0.0152
2019-02-09,ADM,2019-03-08,43.00,Call,0.28,0.33,0.1835,0.2490,0.1520,-0.0127,0.0361,0.0077
2019-02-09,ADM,2019-03-08,43.00,Put,1.61,1.87,0.1576,-0.8013,0.1679,-0.0074,0.0322,-0.0161
2019-02-09,ADM,2019-03-08,45.00,Call,0.03,0.09,0.2061,0.0817,0.0639,-0.0066,0.0173,0.0025
2019-02-09,ADM,2019-03-08,45.00,Put,3.45,3.80,0.2061,-0.9332,0.0651,-0.0035,0.0153,-0.0135
2019-02-09,ADM,2019-03-08,46.00,Call,0.00,0.08,0.2470,0.0703,0.0475,-0.0070,0.0154,0.0022
2019-02-09,ADM,2019-03-08,46.00,Put,4.45,4.80,0.2470,-0.9425,0.0481,-0.0038,0.0139,-0.0137
2019-02-09,ADM,2019-03-08,48.00,Call,0.00,0.05,0.3225,0.0563,0.0306,-0.0076,0.0130,0.0017
2019-02-09,ADM,2019-03-08,48.00,Put,6.35,6.90,0.3225,-0.9539,0.0307,-0.0043,0.0112,-0.0140
2019-02-09,ADM,2019-03-29,35.00,Call,6.50,6.95,0.2860,0.9947,0.0082,-0.0040,0.0034,0.0081
2019-02-09,ADM,2019-03-29,35.00,Put,0.01,0.13,0.2752,-0.0397,0.0205,-0.0035,0.0130,-0.0023
2019-02-09,ADM,2019-03-29,38.00,Call,3.60,4.10,0.2310,0.9130,0.0805,-0.0125,0.0217,0.0211
2019-02-09,ADM,2019-03-29,38.00,Put,0.23,0.29,0.2338,-0.1388,0.0629,-0.0076,0.0352,-0.0073
2019-02-09,ADM,2019-03-29,39.00,Call,2.75,3.05,0.2012,0.8580,0.1189,-0.0136,0.0333,0.0259
2019-02-09,ADM,2019-03-29,39.00,Put,0.29,0.42,0.2095,-0.1946,0.0875,-0.0084,0.0428,-0.0101
2019-02-09,ADM,2019-03-29,40.00,Call,2.00,2.22,0.1968,0.7265,0.1349,-0.0143,0.0512,0.0340
2019-02-09,ADM,2019-03-29,40.00,Put,0.53,0.64,0.2020,-0.2928,0.1137,-0.0100,0.0526,-0.0148
2019-02-09,ADM,2019-03-29,41.00,Call,1.40,1.59,0.1991,0.5882,0.1317,-0.0139,0.0589,0.0306
2019-02-09,ADM,2019-03-29,41.00,Put,0.84,0.95,0.1899,-0.4146,0.1380,-0.0104,0.0590,-0.0200
2019-02-09,ADM,2019-03-29,42.00,Call,0.89,0.97,0.1871,0.4516,0.1403,-0.0128,0.0600,0.0240
2019-02-09,ADM,2019-03-29,42.00,Put,1.22,1.42,0.1756,-0.5620,0.1534,-0.0094,0.0592,-0.0250
2019-02-09,ADM,2019-03-29,43.00,Call,0.49,0.66,0.1875,0.3213,0.1264,-0.0114,0.0543,0.0173
2019-02-09,ADM,2019-03-29,43.00,Put,1.90,2.11,0.1811,-0.6984,0.1352,-0.0082,0.0531,-0.0278
2019-02-09,ADM,2019-03-29,45.00,Call,0.12,0.28,0.1789,0.1185,0.0731,-0.0058,0.0301,0.0064
2019-02-09,ADM,2019-03-29,45.00,Put,3.50,3.80,0.1789,-0.9075,0.0790,-0.0030,0.0256,-0.0210
2019-02-09,ADM,2019-03-29,46.00,Call,0.05,0.11,0.2001,0.0885,0.0528,-0.0052,0.0243,0.0048
2019-02-09,ADM,2019-03-29,46.00,Put,4.45,4.80,0.2001,-0.9366,0.0559,-0.0022,0.0196,-0.0188
2019-02-09,ADM,2019-03-29,48.00,Call,0.00,0.08,0.2982,0.1028,0.0396,-0.0086,0.0272,0.0054
2019-02-09,ADM,2019-03-29,48.00,Put,6.45,6.95,0.2982,-0.9131,0.0420,-0.0056,0.0240,-0.0253
2019-02-09,ADP,2019-02-22,125.00,Call,20.90,22.40,0.2103,1.0000,0.0000,-0.0088,0.0000,0.0479
2019-02-09,ADP,2019-02-22,125.00,Put,0.00,0.10,0.2403,-0.0003,0.0001,-0.0002,0.0003,0.0000
2019-02-09,ADP,2019-02-22,132.00,Call,13.90,15.50,0.2103,0.9957,0.0021,-0.0119,0.0036,0.0503
2019-02-09,ADP,2019-02-22,132.00,Put,0.00,0.15,0.2403,-0.0106,0.0041,-0.0068,0.0081,-0.0006
2019-02-09,ADP,2019-02-22,137.00,Call,9.80,10.30,0.2103,0.9576,0.0149,-0.0286,0.0260,0.0501
2019-02-09,ADP,2019-02-22,137.00,Put,0.15,0.25,0.2403,-0.0648,0.0184,-0.0306,0.0374,-0.0035
2019-02-09,ADP,2019-02-22,141.00,Call,6.20,6.50,0.1970,0.8624,0.0388,-0.0529,0.0632,0.0461
2019-02-09,ADP,2019-02-22,141.00,Put,0.40,0.55,0.2080,-0.1503,0.0392,-0.0486,0.0699,-0.0080
2019-02-09,ADP,2019-02-22,144.00,Call,3.80,4.10,0.1904,0.7133,0.0622,-0.0736,0.0979,0.0386
2019-02-09,ADP,2019-02-22,144.00,Put,0.95,1.10,0.1926,-0.2897,0.0623,-0.0652,0.0998,-0.0149
2019-02-09,ADP,2019-02-22,147.00,Call,1.85,2.10,0.1742,0.5031,0.0797,-0.0764,0.1147,0.0276
2019-02-09,ADP,2019-02-22,147.00,Put,1.90,2.25,0.1778,-0.4997,0.0791,-0.0686,0.1147,-0.0241
2019-02-09,ADP,2019-02-22,150.00,Call,0.70,0.85,0.1662,0.2696,0.0691,-0.0591,0.0950,0.0149
2019-02-09,ADP,2019-02-22,150.00,Put,3.50,4.10,0.1616,-0.7440,0.0721,-0.0477,0.0942,-0.0302
2019-02-09,ADP,2019-02-22,152.50,Call,0.20,0.30,0.1560,0.1157,0.0434,-0.0324,0.0560,0.0064
2019-02-09,ADP,2019-02-22,152.50,Put,5.60,6.10,0.1577,-0.8947,0.0459,-0.0241,0.0548,-0.0258
2019-02-09,ADP,2019-02-22,157.50,Call,0.00,0.10,0.1560,0.0121,0.0070,-0.0052,0.0091,0.0007
2019-02-09,ADP,2019-02-22,157.50,Put,9.70,11.40,0.1577,-1.0000,0.0000,0.0000,0.0000,0.0000
2019-02-09,ADP,2019-02-22,162.50,Call,0.00,0.05,0.1560,0.0005,0.0004,-0.0003,0.0005,0.0000
2019-02-09,ADP,2019-02-22,162.50,Put,15.10,16.40,0.1577,-1.0000,0.0000,0.0000,0.0000,0.0000
2019-02-09,ADP,2019-02-22,170.00,Call,0.00,0.05,0.1560,0.0000,0.0000,0.0000,0.0000,0.0000
2019-02-09,ADP,2019-02-22,170.00,Put,22.40,25.10,0.1577,-1.0000,0.0000,0.0000,0.0000,0.0000
2019-02-09,ADP,2019-03-08,125.00,Call,19.70,23.70,0.2069,0.9986,0.0006,-0.0093,0.0023,0.0878
2019-02-09,ADP,2019-03-08,125.00,Put,0.00,0.50,0.2365,-0.0074,0.0021,-0.0034,0.0083,-0.0009
2019-02-09,ADP,2019-03-08,132.00,Call,12.70,16.80,0.2069,0.9765,0.0068,-0.0175,0.0247,0.0905
2019-02-09,ADP,2019-03-08,132.00,Put,0.25,0.70,0.2365,-0.0544,0.0115,-0.0183,0.0446,-0.0063
2019-02-09,ADP,2019-03-08,137.00,Call,9.60,11.00,0.2069,0.9047,0.0209,-0.0347,0.0715,0.0866
2019-02-09,ADP,2019-03-08,137.00,Put,0.60,1.90,0.2365,-0.1501,0.0245,-0.0384,0.0966,-0.0166
2019-02-09,ADP,2019-03-08,141.00,Call,6.80,7.50,0.2117,0.7795,0.0357,-0.0542,0.1209,0.0762
2019-02-09,ADP,2019-03-08,141.00,Put,1.20,2.05,0.2321,-0.2724,0.0355,-0.0530,0.1341,-0.0302
2019-02-09,ADP,2019-03-08,144.00,Call,4.50,5.00,0.1906,0.6692,0.0485,-0.0580,0.1451,0.0666
2019-02-09,ADP,2019-03-08,144.00,Put,2.05,2.70,0.2120,-0.3829,0.0447,-0.0547,0.1541,-0.0423
2019-02-09,ADP,2019-03-08,147.00,Call,2.65,3.20,0.1836,0.5134,0.0554,-0.0595,0.1591,0.0518
2019-02-09,ADP,2019-03-08,147.00,Put,3.30,4.00,0.2029,-0.5235,0.0488,-0.0531,0.1606,-0.0578
2019-02-09,ADP,2019-03-08,150.00,Call,1.30,2.05,0.1827,0.3524,0.0517,-0.0539,0.1474,0.0360
2019-02-09,ADP,2019-03-08,150.00,Put,4.90,5.70,0.1899,-0.6744,0.0472,-0.0424,0.1474,-0.0745
2019-02-09,ADP,2019-03-08,152.50,Call,0.65,1.20,0.1779,0.2306,0.0435,-0.0425,0.1250,0.0238
2019-02-09,ADP,2019-03-08,152.50,Put,6.50,7.40,0.1721,-0.8030,0.0401,-0.0260,0.1169,-0.0888
2019-02-09,ADP,2019-03-08,157.50,Call,0.10,1.10,0.2693,0.1822,0.0248,-0.0543,0.1079,0.0187
2019-02-09,ADP,2019-03-08,157.50,Put,10.10,13.80,0.2693,-0.8305,0.0233,-0.0400,0.1045,-0.0955
2019-02-09,ADP,2019-03-08,162.50,Call,0.00,2.20,0.2693,0.0908,0.0153,-0.0332,0.0673,0.0094
2019-02-09,ADP,2019-03-08,162.50,Put,15.40,18.60,0.2693,-0.9158,0.0142,-0.0197,0.0641,-0.1071
2019-02-09,ADP,2019-03-08,170.00,Call,0.00,0.90,0.2693,0.0252,0.0055,-0.0118,0.0255,0.0027
2019-02-09,ADP,2019-03-08,170.00,Put,22.40,26.00,0.2693,-0.9766,0.0051,0.0000,0.0241,-0.1181
2019-02-09,ADP,2019-03-29,132.00,Call,15.00,15.70,0.2194,0.9338,0.0128,-0.0266,0.0676,0.0982
2019-02-09,ADP,2019-03-29,132.00,Put,0.60,0.85,0.2422,-0.1112,0.0147,-0.0240,0.1037,-0.0210
2019-02-09,ADP,2019-03-29,137.00,Call,10.40,11.20,0.2036,0.8528,0.0239,-0.0371,0.1216,0.1024
2019-02-09,ADP,2019-03-29,137.00,Put,1.20,1.60,0.2272,-0.1988,0.0232,-0.0327,0.1511,-0.0367
2019-02-09,ADP,2019-03-29,141.00,Call,7.50,8.00,0.2056,0.7292,0.0329,-0.0477,0.1759,0.1002
2019-02-09,ADP,2019-03-29,141.00,Put,2.05,2.55,0.2156,-0.3016,0.0306,-0.0382,0.1860,-0.0543
2019-02-09,ADP,2019-03-29,144.00,Call,5.40,5.70,0.1929,0.6278,0.0394,-0.0490,0.2017,0.0941
2019-02-09,ADP,2019-03-29,144.00,Put,2.90,3.40,0.2018,-0.3964,0.0363,-0.0388,0.2074,-0.0691
2019-02-09,ADP,2019-03-29,147.00,Call,3.60,4.00,0.1865,0.5056,0.0421,-0.0478,0.2122,0.0820
2019-02-09,ADP,2019-03-29,147.00,Put,4.00,4.70,0.1906,-0.5105,0.0400,-0.0368,0.2136,-0.0854
2019-02-09,ADP,2019-03-29,150.00,Call,2.20,2.60,0.1791,0.3785,0.0411,-0.0423,0.2035,0.0656
2019-02-09,ADP,2019-03-29,150.00,Put,5.80,6.40,0.1889,-0.6276,0.0386,-0.0332,0.2045,-0.1003
2019-02-09,ADP,2019-03-29,152.50,Call,1.35,1.65,0.1717,0.2756,0.0372,-0.0348,0.1828,0.0498
2019-02-09,ADP,2019-03-29,152.50,Put,7.40,8.10,0.1840,-0.7221,0.0354,-0.0269,0.1785,-0.1101
2019-02-09,ADP,2019-03-29,157.50,Call,0.40,0.60,0.1632,0.1193,0.0230,-0.0191,0.1096,0.0228
2019-02-09,ADP,2019-03-29,157.50,Put,11.50,12.10,0.1830,-0.8638,0.0236,-0.0133,0.1211,-0.1200
2019-02-09,ADP,2019-03-29,162.50,Call,0.00,0.35,0.1956,0.0795,0.0142,-0.0166,0.0791,0.0151
2019-02-09,ADP,2019-03-29,162.50,Put,15.10,18.60,0.2721,-0.8469,0.0169,-0.0266,0.1292,-0.1274
2019-02-09,ADP,2019-03-29,170.00,Call,0.00,0.10,0.2968,0.0947,0.0106,-0.0283,0.0902,0.0176
2019-02-09,ADP,2019-03-29,170.00,Put,22.90,26.20,0.3274,-0.8881,0.0114,-0.0245,0.1041,-0.1345
2019-02-09,ADS,2019-02-15,140.00,Call,21.50,26.10,0.4387,0.9963,0.0011,-0.0177,0.0025,0.0267
2019-02-09,ADS,2019-02-15,140.00,Put,0.00,0.30,0.3683,-0.0007,0.0003,-0.0015,0.0006,0.0000
2019-02-09,ADS,2019-02-15,150.00,Call,12.00,16.40,0.4387,0.9383,0.0122,-0.0967,0.0277,0.0267
2019-02-09,ADS,2019-02-15,150.00,Put,0.10,0.45,0.3683,-0.0341,0.0090,-0.0449,0.0172,-0.0011
2019-02-09,ADS,2019-02-15,155.00,Call,9.50,11.00,0.4387,0.8414,0.0243,-0.1816,0.0550,0.0245
2019-02-09,ADS,2019-02-15,155.00,Put,0.35,0.65,0.3683,-0.1186,0.0238,-0.1178,0.0449,-0.0036
2019-02-09,ADS,2019-02-15,160.00,Call,5.30,6.00,0.3288,0.7320,0.0441,-0.1842,0.0749,0.0220
2019-02-09,ADS,2019-02-15,160.00,Put,1.15,1.60,0.3446,-0.2769,0.0429,-0.1853,0.0766,-0.0082
2019-02-09,ADS,2019-02-15,165.00,Call,2.15,2.70,0.2986,0.4731,0.0586,-0.1986,0.0905,0.0144
2019-02-09,ADS,2019-02-15,165.00,Put,2.65,3.60,0.3091,-0.5266,0.0571,-0.1956,0.0909,-0.0147
2019-02-09,ADS,2019-02-15,170.00,Call,0.65,0.95,0.2964,0.2130,0.0431,-0.1425,0.0661,0.0066
2019-02-09,ADS,2019-02-15,170.00,Put,5.70,6.90,0.2790,-0.8051,0.0444,-0.1181,0.0643,-0.0190
2019-02-09,ADS,2019-02-15,175.00,Call,0.10,0.30,0.2964,0.0664,0.0191,-0.0629,0.0293,0.0021
2019-02-09,ADS,2019-02-15,175.00,Put,9.30,13.50,0.2790,-0.9509,0.0180,-0.0401,0.0241,-0.0143
2019-02-09,ADS,2019-02-15,180.00,Call,0.00,0.15,0.2964,0.0143,0.0054,-0.0177,0.0083,0.0004
2019-02-09,ADS,2019-02-15,180.00,Put,13.90,18.50,0.2790,-0.9985,0.0034,-0.0004,0.0020,-0.0001
2019-02-09,ADS,2019-02-15,190.00,Call,0.00,0.25,0.2964,0.0002,0.0001,-0.0004,0.0002,0.0000
2019-02-09,ADS,2019-02-15,190.00,Put,24.00,28.50,0.2790,-1.0000,0.0000,0.0000,0.0000,0.0000
2019-02-09,ADS,2019-03-15,140.00,Call,22.90,27.50,0.4226,0.9098,0.0087,-0.0656,0.0881,0.0860
2019-02-09,ADS,2019-03-15,140.00,Put,0.45,0.85,0.3696,-0.0739,0.0075,-0.0367,0.0726,-0.0115
2019-02-09,ADS,2019-03-15,150.00,Call,15.20,16.40,0.3320,0.8304,0.0163,-0.0745,0.1272,0.0924
2019-02-09,ADS,2019-03-15,150.00,Put,1.35,2.00,0.3301,-0.1766,0.0156,-0.0602,0.1319,-0.0269
2019-02-09,ADS,2019-03-15,155.00,Call,11.20,12.40,0.3167,0.7397,0.0211,-0.0854,0.1648,0.0967
2019-02-09,ADS,2019-03-15,155.00,Put,2.35,3.10,0.3169,-0.2652,0.0206,-0.0726,0.1666,-0.0396
2019-02-09,ADS,2019-03-15,160.00,Call,7.80,8.30,0.2891,0.6298,0.0263,-0.0875,0.1916,0.0877
2019-02-09,ADS,2019-03-15,160.00,Put,3.80,4.60,0.3007,-0.3771,0.0252,-0.0789,0.1923,-0.0548
2019-02-09,ADS,2019-03-15,165.00,Call,5.10,5.90,0.2931,0.4941,0.0271,-0.0907,0.2028,0.0720
2019-02-09,ADS,2019-03-15,165.00,Put,5.90,6.80,0.2890,-0.5100,0.0277,-0.0785,0.2025,-0.0709
2019-02-09,ADS,2019-03-15,170.00,Call,2.90,3.30,0.2699,0.3512,0.0272,-0.0767,0.1882,0.0524
2019-02-09,ADS,2019-03-15,170.00,Put,8.70,9.80,0.2808,-0.6471,0.0268,-0.0693,0.1870,-0.0840
2019-02-09,ADS,2019-03-15,175.00,Call,1.60,1.95,0.2692,0.2324,0.0224,-0.0621,0.1547,0.0347
2019-02-09,ADS,2019-03-15,175.00,Put,12.30,13.50,0.2794,-0.7659,0.0226,-0.0549,0.1576,-0.0904
2019-02-09,ADS,2019-03-15,180.00,Call,0.80,1.30,0.2771,0.1500,0.0166,-0.0485,0.1181,0.0225
2019-02-09,ADS,2019-03-15,180.00,Put,15.60,19.00,0.2988,-0.8386,0.0171,-0.0452,0.1230,-0.0914
2019-02-09,ADS,2019-03-15,190.00,Call,0.15,0.30,0.2771,0.0478,0.0071,-0.0205,0.0504,0.0072
2019-02-09,ADS,2019-03-15,190.00,Put,24.50,29.00,0.2988,-0.9484,0.0079,-0.0132,0.0565,-0.0787
2019-02-09,ADSK,2019-02-22,131.00,Call,22.70,23.85,0.3044,0.9974,0.0009,-0.0118,0.0024,0.0500
2019-02-09,ADSK,2019-02-22,131.00,Put,0.00,0.11,0.4013,-0.0163,0.0034,-0.0175,0.0123,-0.0010
2019-02-09,ADSK,2019-02-22,139.00,Call,14.90,16.05,0.3412,0.9465,0.0106,-0.0492,0.0329,0.0500
2019-02-09,ADSK,2019-02-22,139.00,Put,0.25,0.56,0.3510,-0.0583,0.0110,-0.0435,0.0352,-0.0036
2019-02-09,ADSK,2019-02-22,144.00,Call,10.45,11.55,0.3090,0.8829,0.0211,-0.0744,0.0594,0.0480
2019-02-09,ADSK,2019-02-22,144.00,Put,0.55,0.65,0.3174,-0.1231,0.0212,-0.0684,0.0615,-0.0075
2019-02-09,ADSK,2019-02-22,148.00,Call,7.00,7.75,0.2670,0.8005,0.0347,-0.0887,0.0844,0.0445
2019-02-09,ADSK,2019-02-22,148.00,Put,1.11,1.36,0.3027,-0.2265,0.0331,-0.0965,0.0943,-0.0127
2019-02-09,ADSK,2019-02-22,150.00,Call,5.85,6.20,0.2807,0.7125,0.0402,-0.1106,0.1030,0.0398
2019-02-09,ADSK,2019-02-22,150.00,Put,1.55,1.84,0.2925,-0.2950,0.0393,-0.1064,0.1065,-0.0163
2019-02-09,ADSK,2019-02-22,155.00,Call,2.68,2.99,0.2565,0.4823,0.0514,-0.1154,0.1204,0.0274
2019-02-09,ADSK,2019-02-22,155.00,Put,3.40,3.70,0.2702,-0.5177,0.0494,-0.1117,0.1207,-0.0270
2019-02-09,ADSK,2019-02-22,157.50,Call,1.62,1.89,0.2494,0.3539,0.0494,-0.1038,0.1123,0.0203
2019-02-09,ADSK,2019-02-22,157.50,Put,4.85,5.15,0.2664,-0.6390,0.0473,-0.1022,0.1148,-0.0316
2019-02-09,ADSK,2019-02-22,160.00,Call,0.88,1.12,0.2435,0.2372,0.0420,-0.0837,0.0933,0.0136
2019-02-09,ADSK,2019-02-22,160.00,Put,6.50,7.15,0.2712,-0.7421,0.0404,-0.0883,0.0996,-0.0343
2019-02-09,ADSK,2019-02-22,165.00,Call,0.28,0.35,0.2490,0.0918,0.0219,-0.0453,0.0498,0.0053
2019-02-09,ADSK,2019-02-22,165.00,Put,10.25,11.75,0.2689,-0.8973,0.0238,-0.0456,0.0555,-0.0315
2019-02-09,ADSK,2019-02-22,170.00,Call,0.04,0.36,0.2500,0.0266,0.0081,-0.0169,0.0186,0.0015
2019-02-09,ADSK,2019-02-22,170.00,Put,15.10,16.50,0.2703,-0.9734,0.0107,-0.0138,0.0199,-0.0167
2019-02-09,ADSK,2019-02-22,177.50,Call,0.00,0.04,0.2500,0.0024,0.0010,-0.0021,0.0023,0.0001
2019-02-09,ADSK,2019-02-22,177.50,Put,22.30,24.30,0.2703,-1.0000,0.0000,0.0000,0.0000,0.0000
2019-02-09,ADSK,2019-03-08,131.00,Call,24.30,25.50,0.5284,0.8860,0.0085,-0.0856,0.0824,0.0857
2019-02-09,ADSK,2019-03-08,131.00,Put,1.40,1.71,0.5540,-0.1235,0.0087,-0.0852,0.0889,-0.0148
2019-02-09,ADSK,2019-03-08,139.00,Call,17.80,18.85,0.5145,0.7934,0.0130,-0.1194,0.1220,0.0798
2019-02-09,ADSK,2019-03-08,139.00,Put,2.76,3.05,0.5272,-0.2113,0.0129,-0.1146,0.1218,-0.0250
2019-02-09,ADSK,2019-03-08,144.00,Call,14.20,14.95,0.4997,0.7201,0.0158,-0.1351,0.1438,0.0740
2019-02-09,ADSK,2019-03-08,144.00,Put,3.25,4.40,0.4881,-0.2767,0.0162,-0.1223,0.1415,-0.0323
2019-02-09,ADSK,2019-03-08,148.00,Call,11.65,12.20,0.4924,0.6513,0.0176,-0.1452,0.1581,0.0679
2019-02-09,ADSK,2019-03-08,148.00,Put,5.30,5.60,0.4996,-0.3508,0.0175,-0.1383,0.1607,-0.0405
2019-02-09,ADSK,2019-03-08,150.00,Call,10.40,10.90,0.4853,0.6151,0.0184,-0.1475,0.1633,0.0646
2019-02-09,ADSK,2019-03-08,150.00,Put,6.05,6.40,0.4953,-0.3870,0.0182,-0.1413,0.1623,-0.0445
2019-02-09,ADSK,2019-03-08,155.00,Call,7.65,8.15,0.4744,0.5186,0.0197,-0.1494,0.1703,0.0553
2019-02-09,ADSK,2019-03-08,155.00,Put,8.25,8.60,0.4809,-0.4824,0.0196,-0.1418,0.1703,-0.0543
2019-02-09,ADSK,2019-03-08,157.50,Call,6.35,6.95,0.4658,0.4685,0.0200,-0.1460,0.1699,0.0503
2019-02-09,ADSK,2019-03-08,157.50,Put,9.55,10.05,0.4796,-0.5308,0.0196,-0.1406,0.1702,-0.0590
2019-02-09,ADSK,2019-03-08,160.00,Call,5.50,5.80,0.4648,0.4200,0.0197,-0.1428,0.1670,0.0454
2019-02-09,ADSK,2019-03-08,160.00,Put,11.00,11.55,0.4775,-0.5786,0.0194,-0.1372,0.1683,-0.0634
2019-02-09,ADSK,2019-03-08,165.00,Call,3.65,4.05,0.4537,0.3246,0.0186,-0.1278,0.1537,0.0355
2019-02-09,ADSK,2019-03-08,165.00,Put,13.65,15.05,0.4593,-0.6758,0.0186,-0.1198,0.1518,-0.0705
2019-02-09,ADSK,2019-03-08,170.00,Call,2.44,2.89,0.4556,0.2454,0.0162,-0.1119,0.1345,0.0270
2019-02-09,ADSK,2019-03-08,170.00,Put,17.35,18.65,0.4494,-0.7622,0.0165,-0.0993,0.1349,-0.0746
2019-02-09,ADSK,2019-03-08,177.50,Call,1.15,1.40,0.4381,0.1407,0.0119,-0.0761,0.0954,0.0157
2019-02-09,ADSK,2019-03-08,177.50,Put,23.90,25.25,0.4750,-0.8425,0.0123,-0.0801,0.1044,-0.0758
2019-02-09,ADSK,2019-03-29,137.00,Call,20.35,21.90,0.4605,0.7912,0.0110,-0.0836,0.1623,0.1354
2019-02-09,ADSK,2019-03-29,137.00,Put,3.15,3.45,0.4577,-0.2080,0.0112,-0.0737,0.1646,-0.0431
2019-02-09,ADSK,2019-03-29,139.00,Call,18.85,19.85,0.4413,0.7731,0.0121,-0.0839,0.1703,0.1340
2019-02-09,ADSK,2019-03-29,139.00,Put,3.50,3.85,0.4473,-0.2300,0.0121,-0.0761,0.1704,-0.0475
2019-02-09,ADSK,2019-03-29,144.00,Call,14.85,16.05,0.4158,0.7099,0.0146,-0.0889,0.1934,0.1262
2019-02-09,ADSK,2019-03-29,144.00,Put,4.65,5.10,0.4268,-0.2947,0.0144,-0.0820,0.1943,-0.0600
2019-02-09,ADSK,2019-03-29,148.00,Call,12.65,13.40,0.4184,0.6450,0.0157,-0.0961,0.2104,0.1160
2019-02-09,ADSK,2019-03-29,148.00,Put,6.30,6.60,0.4288,-0.3584,0.0156,-0.0889,0.2121,-0.0722
2019-02-09,ADSK,2019-03-29,150.00,Call,11.50,12.10,0.4142,0.6124,0.0164,-0.0975,0.2164,0.1109
2019-02-09,ADSK,2019-03-29,150.00,Put,7.00,7.35,0.4223,-0.3903,0.0162,-0.0897,0.2181,-0.0779
2019-02-09,ADSK,2019-03-29,155.00,Call,8.35,9.25,0.3938,0.5261,0.0179,-0.0957,0.2250,0.0971
2019-02-09,ADSK,2019-03-29,155.00,Put,9.15,9.70,0.4129,-0.4749,0.0173,-0.0902,0.2249,-0.0927
2019-02-09,ADSK,2019-03-29,157.50,Call,7.35,8.05,0.3944,0.4819,0.0179,-0.0955,0.2252,0.0894
2019-02-09,ADSK,2019-03-29,157.50,Put,10.25,11.00,0.4046,-0.5191,0.0177,-0.0879,0.2249,-0.0997
2019-02-09,ADSK,2019-03-29,160.00,Call,6.45,7.00,0.3957,0.4391,0.0176,-0.0944,0.2228,0.0818
2019-02-09,ADSK,2019-03-29,160.00,Put,11.75,12.40,0.4027,-0.5624,0.0176,-0.0860,0.2225,-0.1063
2019-02-09,ADSK,2019-03-29,165.00,Call,4.65,5.10,0.3890,0.3541,0.0169,-0.0871,0.2102,0.0667
2019-02-09,ADSK,2019-03-29,165.00,Put,14.95,15.45,0.3951,-0.6477,0.0170,-0.0784,0.2109,-0.1173
2019-02-09,ADSK,2019-03-29,170.00,Call,3.20,3.80,0.3868,0.2782,0.0154,-0.0777,0.1896,0.0529
2019-02-09,ADSK,2019-03-29,170.00,Put,18.05,19.20,0.3827,-0.7310,0.0158,-0.0662,0.1911,-0.1235
2019-02-09,ADSK,2019-03-29,177.50,Call,1.65,2.36,0.3815,0.1821,0.0123,-0.0601,0.1494,0.0350
2019-02-09,ADSK,2019-03-29,177.50,Put,24.00,25.30,0.3755,-0.8316,0.0127,-0.0475,0.1412,-0.1220
2019-02-09,AEE,2019-02-15,60.00,Call,9.90,10.80,0.1790,1.0000,0.0000,-0.0042,0.0000,0.0115
2019-02-09,AEE,2019-02-15,60.00,Put,0.00,0.35,0.1929,0.0000,0.0000,0.0000,0.0000,0.0000
2019-02-09,AEE,2019-02-15,65.00,Call,5.00,5.90,0.1790,0.9995,0.0010,-0.0048,0.0002,0.0124
2019-02-09,AEE,2019-02-15,65.00,Put,0.05,0.25,0.1929,-0.0011,0.0020,-0.0005,0.0004,0.0000
2019-02-09,AEE,2019-02-15,70.00,Call,0.90,1.05,0.1790,0.6188,0.2183,-0.0506,0.0372,0.0082
2019-02-09,AEE,2019-02-15,70.00,Put,0.40,0.65,0.1929,-0.3901,0.2054,-0.0501,0.0375,-0.0047
2019-02-09,AEE,2019-02-15,75.00,Call,0.00,0.40,0.1790,0.0065,0.0105,-0.0023,0.0018,0.0001
2019-02-09,AEE,2019-02-15,75.00,Put,4.20,5.10,0.1929,-1.0000,0.0041,0.0000,0.0002,0.0000
2019-02-09,AEE,2019-02-15,80.00,Call,0.00,0.40,0.1790,0.0000,0.0000,0.0000,0.0000,0.0000
2019-02-09,AEE,2019-02-15,80.00,Put,8.80,10.60,0.1929,-1.0000,0.0000,0.0000,0.0000,0.0000
2019-02-09,AEE,2019-03-15,60.00,Call,10.00,11.00,0.2069,0.9974,0.0019,-0.0047,0.0020,0.0457
2019-02-09,AEE,2019-03-15,60.00,Put,0.00,1.00,0.1953,-0.0044,0.0030,-0.0008,0.0028,-0.0003
2019-02-09,AEE,2019-03-15,65.00,Call,5.30,6.20,0.2069,0.9211,0.0354,-0.0143,0.0324,0.0459
2019-02-09,AEE,2019-03-15,65.00,Put,0.15,0.25,0.1953,-0.0976,0.0409,-0.0100,0.0391,-0.0063
2019-02-09,AEE,2019-03-15,70.00,Call,1.45,1.70,0.1543,0.5831,0.1252,-0.0228,0.0830,0.0319
2019-02-09,AEE,2019-03-15,70.00,Put,1.15,1.45,0.1592,-0.4740,0.1167,-0.0174,0.0862,-0.0293
2019-02-09,AEE,2019-03-15,75.00,Call,0.05,0.15,0.2161,0.1783,0.0577,-0.0189,0.0565,0.0105
2019-02-09,AEE,2019-03-15,75.00,Put,4.70,5.80,0.2161,-0.8356,0.0535,-0.0123,0.0542,-0.0515
2019-02-09,AEE,2019-03-15,80.00,Call,0.00,0.15,0.2161,0.0273,0.0137,-0.0044,0.0149,0.0017
2019-02-09,AEE,2019-03-15,80.00,Put,9.40,10.80,0.2161,-0.9751,0.0126,0.0000,0.0139,-0.0608
2019-02-09,AEP,2019-02-15,67.50,Call,12.30,12.60,0.1177,1.0000,0.0000,-0.0047,0.0000,0.0129
2019-02-09,AEP,2019-02-15,67.50,Put,0.00,0.05,0.1361,0.0000,0.0000,0.0000,0.0000,0.0000
2019-02-09,AEP,2019-02-15,72.50,Call,7.30,7.80,0.1177,1.0000,0.0000,-0.0051,0.0000,0.0139
2019-02-09,AEP,2019-02-15,72.50,Put,0.00,0.10,0.1361,0.0000,0.0000,0.0000,0.0000,0.0000
2019-02-09,AEP,2019-02-15,75.00,Call,4.90,5.50,0.1177,1.0000,0.0001,-0.0053,0.0000,0.0144
2019-02-09,AEP,2019-02-15,75.00,Put,0.00,0.10,0.1361,-0.0003,0.0006,-0.0001,0.0001,0.0000
2019-02-09,AEP,2019-02-15,77.50,Call,2.45,2.70,0.1177,0.9774,0.0412,-0.0103,0.0060,0.0145
2019-02-09,AEP,2019-02-15,77.50,Put,0.05,0.15,0.1361,-0.0415,0.0589,-0.0093,0.0098,-0.0006
2019-02-09,AEP,2019-02-15,80.00,Call,0.50,0.60,0.1177,0.5213,0.3056,-0.0400,0.0441,0.0079
2019-02-09,AEP,2019-02-15,80.00,Put,0.50,0.65,0.1361,-0.4832,0.2676,-0.0408,0.0441,-0.0063
2019-02-09,AEP,2019-02-15,82.50,Call,0.00,0.10,0.1177,0.0332,0.0568,-0.0071,0.0082,0.0005
2019-02-09,AEP,2019-02-15,82.50,Put,2.40,2.65,0.1361,-0.9566,0.0809,-0.0076,0.0113,-0.0049
2019-02-09,AEP,2019-02-15,85.00,Call,0.00,0.05,0.1177,0.0001,0.0004,0.0000,0.0001,0.0000
2019-02-09,AEP,2019-02-15,85.00,Put,4.90,5.20,0.1361,-1.0000,0.0000,0.0000,0.0000,0.0000
2019-02-09,AEP,2019-02-15,87.50,Call,0.00,0.05,0.1177,0.0000,0.0000,0.0000,0.0000,0.0000
2019-02-09,AEP,2019-02-15,87.50,Put,7.40,7.70,0.1361,-1.0000,0.0000,0.0000,0.0000,0.0000
2019-02-09,AEP,2019-02-15,90.00,Call,0.00,0.05,0.1177,0.0000,0.0000,0.0000,0.0000,0.0000
2019-02-09,AEP,2019-02-15,90.00,Put,9.90,10.20,0.1361,-1.0000,0.0000,0.0000,0.0000,0.0000
2019-02-09,AEP,2019-03-15,67.50,Call,12.50,12.80,0.1766,0.9993,0.0006,-0.0049,0.0006,0.0644
2019-02-09,AEP,2019-03-15,67.50,Put,0.00,0.15,0.1766,-0.0007,0.0006,-0.0002,0.0006,-0.0001
2019-02-09,AEP,2019-03-15,72.50,Call,7.60,7.90,0.1766,0.9698,0.0156,-0.0092,0.0169,0.0669
2019-02-09,AEP,2019-03-15,72.50,Put,0.05,0.15,0.1766,-0.0302,0.0156,-0.0041,0.0169,-0.0024
2019-02-09,AEP,2019-03-15,75.00,Call,5.30,5.50,0.1705,0.9034,0.0405,-0.0150,0.0424,0.0641
2019-02-09,AEP,2019-03-15,75.00,Put,0.20,0.30,0.1823,-0.1115,0.0423,-0.0117,0.0487,-0.0081
2019-02-09,AEP,2019-03-15,77.50,Call,3.00,3.30,0.1438,0.7872,0.0816,-0.0190,0.0719,0.0573
2019-02-09,AEP,2019-03-15,77.50,Put,0.45,0.60,0.1547,-0.2305,0.0802,-0.0155,0.0763,-0.0160
2019-02-09,AEP,2019-03-15,80.00,Call,1.40,1.50,0.1357,0.5340,0.1182,-0.0220,0.0984,0.0395
2019-02-09,AEP,2019-03-15,80.00,Put,1.25,1.35,0.1410,-0.4734,0.1171,-0.0177,0.0983,-0.0299
2019-02-09,AEP,2019-03-15,82.50,Call,0.40,0.50,0.1277,0.2449,0.0994,-0.0156,0.0778,0.0183
2019-02-09,AEP,2019-03-15,82.50,Put,2.65,2.90,0.1277,-0.7750,0.1062,-0.0106,0.0750,-0.0359
2019-02-09,AEP,2019-03-15,85.00,Call,0.05,0.15,0.1277,0.0740,0.0443,-0.0067,0.0347,0.0056
2019-02-09,AEP,2019-03-15,85.00,Put,4.90,5.20,0.1277,-0.9660,0.0542,-0.0020,0.0220,-0.0104
2019-02-09,AEP,2019-03-15,90.00,Call,0.00,0.05,0.1277,0.0019,0.0019,-0.0003,0.0015,0.0001
2019-02-09,AEP,2019-03-15,90.00,Put,9.90,10.20,0.1277,-1.0000,0.0000,0.0000,0.0000,0.0000
2019-02-09,AES,2019-02-15,15.00,Call,2.15,2.25,0.1702,1.0000,0.0000,-0.0010,0.0000,0.0029
2019-02-09,AES,2019-02-15,15.00,Put,0.00,0.05,0.1702,0.0000,0.0000,0.0000,0.0000,0.0000
2019-02-09,AES,2019-02-15,16.00,Call,1.15,1.30,0.1702,0.9992,0.0068,-0.0012,0.0001,0.0031
2019-02-09,AES,2019-02-15,16.00,Put,0.00,0.05,0.1702,-0.0008,0.0068,-0.0001,0.0001,0.0000
2019-02-09,AES,2019-02-15,17.00,Call,0.25,0.35,0.1702,0.7185,0.8322,-0.0106,0.0080,0.0023
2019-02-09,AES,2019-02-15,17.00,Put,0.05,0.15,0.1702,-0.2822,0.8385,-0.0095,0.0080,-0.0009
2019-02-09,AES,2019-02-15,18.00,Call,0.00,0.05,0.1702,0.0323,0.1782,-0.0021,0.0017,0.0001
2019-02-09,AES,2019-02-15,18.00,Put,0.75,0.90,0.1702,-0.9796,0.1944,-0.0011,0.0014,-0.0007
2019-02-09,AES,2019-02-15,19.00,Call,0.00,0.05,0.1702,0.0000,0.0002,0.0000,0.0000,0.0000
2019-02-09,AES,2019-02-15,19.00,Put,1.75,1.85,0.1702,-1.0000,0.0000,0.0000,0.0000,0.0000
2019-02-09,AES,2019-02-15,20.00,Call,0.00,0.05,0.1702,0.0000,0.0000,0.0000,0.0000,0.0000
2019-02-09,AES,2019-02-15,20.00,Put,2.75,2.85,0.1702,-1.0000,0.0000,0.0000,0.0000,0.0000
2019-02-09,AES,2019-03-15,15.00,Call,2.20,2.35,0.2338,0.9760,0.0453,-0.0020,0.0030,0.0139
2019-02-09,AES,2019-03-15,15.00,Put,0.00,0.10,0.2338,-0.0240,0.0453,-0.0010,0.0030,-0.0004
2019-02-09,AES,2019-03-15,16.00,Call,1.30,1.40,0.2338,0.8612,0.1776,-0.0049,0.0118,0.0129
2019-02-09,AES,2019-03-15,16.00,Put,0.10,0.20,0.2338,-0.1390,0.1790,-0.0038,0.0122,-0.0022
2019-02-09,AES,2019-03-15,17.00,Call,0.60,0.65,0.2290,0.5993,0.3168,-0.0074,0.0206,0.0093
2019-02-09,AES,2019-03-15,17.00,Put,0.35,0.45,0.2455,-0.4080,0.3006,-0.0068,0.0208,-0.0060
2019-02-09,AES,2019-03-15,18.00,Call,0.15,0.25,0.2216,0.2824,0.2862,-0.0060,0.0180,0.0045
2019-02-09,AES,2019-03-15,18.00,Put,0.90,1.05,0.2392,-0.7093,0.2798,-0.0056,0.0187,-0.0089
2019-02-09,AES,2019-03-15,19.00,Call,0.00,0.10,0.2216,0.0862,0.1332,-0.0028,0.0084,0.0014
2019-02-09,AES,2019-03-15,19.00,Put,1.75,1.90,0.2392,-0.9117,0.1516,-0.0023,0.0089,-0.0071
2019-02-09,AES,2019-03-15,20.00,Call,0.00,0.05,0.2216,0.0173,0.0363,-0.0007,0.0023,0.0003
2019-02-09,AES,2019-03-15,20.00,Put,2.75,2.85,0.2392,-0.9986,0.0261,0.0000,0.0004,0.0000
2019-02-09,AFL,2019-02-22,41.00,Call,6.85,7.80,0.1923,1.0000,0.0000,-0.0028,0.0000,0.0078
2019-02-09,AFL,2019-02-22,41.00,Put,0.00,0.10,0.2044,0.0000,0.0001,0.0000,0.0000,0.0000
2019-02-09,AFL,2019-02-22,43.50,Call,4.45,4.80,0.1923,0.9998,0.0006,-0.0031,0.0001,0.0083
2019-02-09,AFL,2019-02-22,43.50,Put,0.00,0.14,0.2044,-0.0070,0.0102,-0.0013,0.0018,-0.0001
2019-02-09,AFL,2019-02-22,45.00,Call,2.66,3.40,0.1923,0.9883,0.0223,-0.0057,0.0030,0.0086
2019-02-09,AFL,2019-02-22,45.00,Put,0.05,0.13,0.2044,-0.0537,0.0569,-0.0073,0.0102,-0.0010
2019-02-09,AFL,2019-02-22,46.50,Call,1.53,1.96,0.1591,0.9197,0.1288,-0.0132,0.0136,0.0088
2019-02-09,AFL,2019-02-22,46.50,Put,0.16,0.23,0.1877,-0.1959,0.1580,-0.0168,0.0267,-0.0034
2019-02-09,AFL,2019-02-22,47.00,Call,1.26,1.43,0.1747,0.8054,0.2083,-0.0226,0.0242,0.0085
2019-02-09,AFL,2019-02-22,47.00,Put,0.23,0.32,0.1731,-0.2715,0.2057,-0.0185,0.0314,-0.0046
2019-02-09,AFL,2019-02-22,48.00,Call,0.53,0.66,0.1520,0.5554,0.3295,-0.0258,0.0355,0.0071
2019-02-09,AFL,2019-02-22,48.00,Put,0.45,0.72,0.1494,-0.5101,0.2888,-0.0185,0.0374,-0.0080
2019-02-09,AFL,2019-02-22,49.00,Call,0.12,0.21,0.1376,0.2337,0.2620,-0.0164,0.0285,0.0036
2019-02-09,AFL,2019-02-22,49.00,Put,0.98,1.32,0.1142,-0.8396,0.2391,-0.0069,0.0239,-0.0105
2019-02-09,AFL,2019-02-22,50.00,Call,0.00,0.08,0.2100,0.1633,0.1296,-0.0185,0.0232,0.0028
2019-02-09,AFL,2019-02-22,50.00,Put,1.82,2.61,0.2100,-0.8455,0.1245,-0.0143,0.0224,-0.0113
2019-02-09,AFL,2019-02-22,51.50,Call,0.00,0.06,0.2191,0.0505,0.0506,-0.0078,0.0098,0.0009
2019-02-09,AFL,2019-02-22,51.50,Put,3.40,3.80,0.2191,-0.9548,0.0490,-0.0040,0.0095,-0.0110
2019-02-09,AFL,2019-02-22,52.50,Call,0.00,0.05,0.3781,0.1178,0.0561,-0.0256,0.0182,0.0021
2019-02-09,AFL,2019-02-22,52.50,Put,4.45,5.05,0.3781,-0.8856,0.0559,-0.0218,0.0179,-0.0123
2019-02-09,AFL,2019-02-22,55.00,Call,0.00,0.04,0.3781,0.0349,0.0217,-0.0099,0.0072,0.0006
2019-02-09,AFL,2019-02-22,55.00,Put,6.35,7.50,0.3781,-0.9683,0.0210,-0.0057,0.0069,-0.0118
2019-02-09,AFL,2019-03-08,41.00,Call,6.40,9.50,0.1733,1.0000,0.0000,-0.0028,0.0000,0.0077
2019-02-09,AFL,2019-03-08,41.00,Put,0.00,0.24,0.2105,-0.0031,0.0034,-0.0005,0.0013,-0.0001
2019-02-09,AFL,2019-03-08,43.50,Call,4.00,7.15,0.1733,0.9993,0.0019,-0.0032,0.0004,0.0083
2019-02-09,AFL,2019-03-08,43.50,Put,0.04,0.25,0.2105,-0.0428,0.0326,-0.0044,0.0121,-0.0016
2019-02-09,AFL,2019-03-08,45.00,Call,2.79,3.75,0.1733,0.9698,0.0490,-0.0076,0.0093,0.0107
2019-02-09,AFL,2019-03-08,45.00,Put,0.14,0.28,0.2105,-0.1279,0.0753,-0.0101,0.0285,-0.0045
2019-02-09,AFL,2019-03-08,46.50,Call,1.78,2.36,0.2201,0.7314,0.1347,-0.0228,0.0437,0.0196
2019-02-09,AFL,2019-03-08,46.50,Put,0.34,0.48,0.1882,-0.2637,0.1321,-0.0138,0.0439,-0.0089
2019-02-09,AFL,2019-03-08,47.00,Call,1.41,1.68,0.1798,0.6987,0.1769,-0.0202,0.0460,0.0191
2019-02-09,AFL,2019-03-08,47.00,Put,0.47,0.61,0.1823,-0.3309,0.1517,-0.0147,0.0486,-0.0109
2019-02-09,AFL,2019-03-08,48.00,Call,0.73,0.93,0.1554,0.5186,0.2110,-0.0177,0.0524,0.0168
2019-02-09,AFL,2019-03-08,48.00,Put,0.78,0.98,0.1652,-0.4953,0.1858,-0.0142,0.0529,-0.0153
2019-02-09,AFL,2019-03-08,49.00,Call,0.29,0.45,0.1432,0.3099,0.1887,-0.0132,0.0472,0.0111
2019-02-09,AFL,2019-03-08,49.00,Put,1.23,1.59,0.1498,-0.6931,0.1857,-0.0107,0.0463,-0.0185
2019-02-09,AFL,2019-03-08,50.00,Call,0.11,0.20,0.1437,0.1573,0.1266,-0.0087,0.0326,0.0058
2019-02-09,AFL,2019-03-08,50.00,Put,2.04,2.48,0.1694,-0.8144,0.1291,-0.0088,0.0367,-0.0189
2019-02-09,AFL,2019-03-08,51.50,Call,0.00,0.66,0.3256,0.2313,0.0705,-0.0242,0.0404,0.0081
2019-02-09,AFL,2019-03-08,51.50,Put,2.95,3.95,0.3256,-0.7747,0.0720,-0.0211,0.0410,-0.0218
2019-02-09,AFL,2019-03-08,53.00,Call,0.00,0.06,0.4805,0.2488,0.0499,-0.0370,0.0424,0.0085
2019-02-09,AFL,2019-03-08,53.00,Put,4.35,7.55,0.4805,-0.7546,0.0504,-0.0337,0.0420,-0.0235
2019-02-09,AFL,2019-03-08,55.00,Call,0.00,0.05,0.4805,0.1692,0.0397,-0.0293,0.0330,0.0058
2019-02-09,AFL,2019-03-08,55.00,Put,6.70,8.40,0.4805,-0.8353,0.0403,-0.0259,0.0325,-0.0238
2019-02-09,AFL,2019-03-29,41.50,Call,6.45,6.95,0.1903,0.9996,0.0010,-0.0031,0.0003,0.0081
2019-02-09,AFL,2019-03-29,41.50,Put,0.08,0.16,0.2062,-0.0235,0.0153,-0.0020,0.0097,-0.0016
2019-02-09,AFL,2019-03-29,43.50,Call,4.50,5.00,0.1903,0.9644,0.0419,-0.0077,0.0146,0.0222
2019-02-09,AFL,2019-03-29,43.50,Put,0.10,0.26,0.2062,-0.0867,0.0439,-0.0056,0.0288,-0.0053
2019-02-09,AFL,2019-03-29,45.00,Call,3.15,3.60,0.1903,0.8530,0.0878,-0.0127,0.0419,0.0407
2019-02-09,AFL,2019-03-29,45.00,Put,0.27,0.47,0.2062,-0.1816,0.0735,-0.0092,0.0466,-0.0109
2019-02-09,AFL,2019-03-29,46.50,Call,2.04,2.31,0.1787,0.7084,0.1141,-0.0137,0.0604,0.0418
2019-02-09,AFL,2019-03-29,46.50,Put,0.52,0.76,0.1842,-0.3016,0.1094,-0.0106,0.0610,-0.0174
2019-02-09,AFL,2019-03-29,47.00,Call,1.66,1.88,0.1667,0.6570,0.1284,-0.0133,0.0645,0.0398
2019-02-09,AFL,2019-03-29,47.00,Put,0.63,0.82,0.1702,-0.3506,0.1264,-0.0103,0.0655,-0.0198
2019-02-09,AFL,2019-03-29,48.00,Call,1.01,1.34,0.1622,0.5226,0.1406,-0.0133,0.0699,0.0323
2019-02-09,AFL,2019-03-29,48.00,Put,0.98,1.22,0.1608,-0.4849,0.1455,-0.0101,0.0698,-0.0257
2019-02-09,AFL,2019-03-29,49.00,Call,0.55,0.85,0.1555,0.3798,0.1402,-0.0119,0.0679,0.0238
2019-02-09,AFL,2019-03-29,49.00,Put,1.49,1.78,0.1544,-0.6341,0.1469,-0.0087,0.0666,-0.0301
2019-02-09,AFL,2019-03-29,50.00,Call,0.27,0.56,0.1488,0.2440,0.1206,-0.0092,0.0564,0.0154
2019-02-09,AFL,2019-03-29,50.00,Put,2.12,2.53,0.1488,-0.7769,0.1289,-0.0061,0.0532,-0.0302
2019-02-09,AFL,2019-03-29,51.50,Call,0.02,0.14,0.1472,0.1059,0.0708,-0.0052,0.0321,0.0066
2019-02-09,AFL,2019-03-29,51.50,Put,2.94,4.60,0.1472,-0.9265,0.0744,-0.0016,0.0260,-0.0210
2019-02-09,AFL,2019-03-29,53.00,Call,0.00,0.13,0.1422,0.0325,0.0291,-0.0020,0.0127,0.0020
2019-02-09,AFL,2019-03-29,53.00,Put,4.70,5.80,0.1422,-0.9924,0.0151,0.0000,0.0046,-0.0115
2019-02-09,AFL,2019-03-29,55.50,Call,0.00,0.06,0.1422,0.0032,0.0038,-0.0003,0.0017,0.0002
2019-02-09,AFL,2019-03-29,55.50,Put,7.20,7.90,0.1422,-1.0000,0.0000,0.0000,0.0000,-0.0105
2019-02-09,AGN,2019-02-22,110.00,Call,20.60,23.35,0.3948,0.9992,0.0004,-0.0091,0.0007,0.0149
2019-02-09,AGN,2019-02-22,110.00,Put,0.00,0.22,0.3701,-0.0062,0.0019,-0.0059,0.0045,-0.0003
2019-02-09,AGN,2019-02-22,120.00,Call,12.05,12.70,0.3948,0.9283,0.0178,-0.0733,0.0330,0.0200
2019-02-09,AGN,2019-02-22,120.00,Put,0.34,0.56,0.3701,-0.0971,0.0181,-0.0577,0.0440,-0.0048
2019-02-09,AGN,2019-02-22,123.00,Call,9.20,10.05,0.3739,0.8681,0.0283,-0.1007,0.0529,0.0213
2019-02-09,AGN,2019-02-22,123.00,Put,0.56,0.85,0.3403,-0.1505,0.0268,-0.0720,0.0622,-0.0073
2019-02-09,AGN,2019-02-22,127.00,Call,5.70,6.20,0.3028,0.7702,0.0480,-0.1106,0.0781,0.0248
2019-02-09,AGN,2019-02-22,127.00,Put,1.19,1.36,0.2967,-0.2662,0.0433,-0.0875,0.0859,-0.0126
2019-02-09,AGN,2019-02-22,129.00,Call,4.25,4.80,0.2994,0.6664,0.0550,-0.1224,0.0913,0.0239
2019-02-09,AGN,2019-02-22,129.00,Put,1.74,1.94,0.2860,-0.3574,0.0511,-0.0954,0.0952,-0.0167